Order Date,Sales,year,month,day,dayofweek,quarter,lag_1,lag_7,rolling_mean_7
2014-01-11,9.94,2014.0,1.0,11.0,5.0,1.0,54.83,16.448,701.024
2014-01-13,3553.795,2014.0,1.0,13.0,0.0,1.0,9.94,288.06,1167.5575714285715
2014-01-14,61.96,2014.0,1.0,14.0,1.0,1.0,3553.795,19.536,1173.618142857143
2014-01-15,149.95,2014.0,1.0,15.0,2.0,1.0,61.96,4407.1,565.4538571428571
2014-01-16,299.964,2014.0,1.0,16.0,3.0,1.0,149.95,87.15799999999999,595.8547142857143
2014-01-18,64.864,2014.0,1.0,18.0,5.0,1.0,299.964,40.544,599.3290000000001
2014-01-19,378.594,2014.0,1.0,19.0,6.0,1.0,64.864,54.83,645.5810000000001
2014-01-20,2673.87,2014.0,1.0,20.0,0.0,1.0,378.594,9.94,1026.1424285714286
2014-01-21,25.248,2014.0,1.0,21.0,1.0,1.0,2673.87,3553.795,522.0642857142857
2014-01-23,46.019999999999996,2014.0,1.0,23.0,3.0,1.0,25.248,61.96,519.7871428571428
2014-01-26,1097.25,2014.0,1.0,26.0,6.0,1.0,46.019999999999996,149.95,655.1157142857143
2014-01-27,426.67,2014.0,1.0,27.0,0.0,1.0,1097.25,299.964,673.2165714285713
2014-01-28,3.928,2014.0,1.0,28.0,1.0,1.0,426.67,64.864,664.5114285714286
2014-01-30,240.5,2014.0,1.0,30.0,3.0,1.0,3.928,378.594,644.7837142857143
2014-01-31,290.666,2014.0,1.0,31.0,4.0,1.0,240.5,2673.87,304.326
2014-02-01,468.9,2014.0,2.0,1.0,5.0,1.0,290.666,25.248,367.7048571428572
2014-02-02,211.64600000000002,2014.0,2.0,2.0,6.0,1.0,468.9,46.019999999999996,391.36571428571426
2014-02-03,97.11200000000001,2014.0,2.0,3.0,0.0,1.0,211.64600000000002,1097.25,248.48885714285714
2014-02-04,134.38400000000001,2014.0,2.0,4.0,1.0,1.0,97.11200000000001,426.67,206.73371428571429
2014-02-06,330.512,2014.0,2.0,6.0,3.0,1.0,134.38400000000001,3.928,253.38857142857142
2014-02-07,180.32,2014.0,2.0,7.0,4.0,1.0,330.512,240.5,244.79142857142855
2014-02-08,14.56,2014.0,2.0,8.0,5.0,1.0,180.32,290.666,205.3477142857143
2014-02-11,2043.4,2014.0,2.0,11.0,1.0,1.0,14.56,468.9,430.27628571428573
2014-02-12,129.568,2014.0,2.0,12.0,2.0,1.0,2043.4,211.64600000000002,418.5508571428572
2014-02-14,576.726,2014.0,2.0,14.0,4.0,1.0,129.568,97.11200000000001,487.06714285714287
2014-02-15,21.36,2014.0,2.0,15.0,5.0,1.0,576.726,134.38400000000001,470.9208571428572
2014-02-16,9.04,2014.0,2.0,16.0,6.0,1.0,21.36,330.512,424.99628571428576
2014-02-17,54.208,2014.0,2.0,17.0,0.0,1.0,9.04,180.32,406.98028571428574
2014-02-18,37.784,2014.0,2.0,18.0,1.0,1.0,54.208,14.56,410.29800000000006
2014-02-20,95.59,2014.0,2.0,20.0,3.0,1.0,37.784,2043.4,132.03942857142857
2014-02-21,8.85,2014.0,2.0,21.0,4.0,1.0,95.59,129.568,114.794
2014-02-22,19.44,2014.0,2.0,22.0,5.0,1.0,8.85,576.726,35.181714285714285
2014-02-23,11.364,2014.0,2.0,23.0,6.0,1.0,19.44,21.36,33.75371428571428
2014-02-24,55.672,2014.0,2.0,24.0,0.0,1.0,11.364,9.04,40.41542857142857
2014-02-27,19.456,2014.0,2.0,27.0,3.0,1.0,55.672,54.208,35.45085714285714
2014-03-01,2203.151,2014.0,3.0,1.0,5.0,1.0,19.456,37.784,344.78899999999993
2014-03-02,202.384,2014.0,3.0,2.0,6.0,1.0,2203.151,95.59,360.0452857142856
2014-03-03,1345.8919999999998,2014.0,3.0,3.0,0.0,1.0,202.384,8.85,551.0512857142857
2014-03-04,370.452,2014.0,3.0,4.0,1.0,1.0,1345.8919999999998,19.44,601.195857142857
2014-03-05,705.562,2014.0,3.0,5.0,2.0,1.0,370.452,11.364,700.367
2014-03-07,1561.062,2014.0,3.0,7.0,4.0,1.0,705.562,55.672,915.4227142857142
2014-03-10,741.956,2014.0,3.0,10.0,0.0,1.0,1561.062,19.456,1018.6369999999998
2014-03-11,918.314,2014.0,3.0,11.0,1.0,1.0,741.956,2203.151,835.088857142857
2014-03-14,2108.55,2014.0,3.0,14.0,4.0,1.0,918.314,202.384,1107.3982857142857
2014-03-15,370.78200000000004,2014.0,3.0,15.0,5.0,1.0,2108.55,1345.8919999999998,968.0968571428573
2014-03-16,471.92,2014.0,3.0,16.0,6.0,1.0,370.78200000000004,370.452,982.5922857142858
2014-03-17,3960.358,2014.0,3.0,17.0,0.0,1.0,471.92,705.562,1447.563142857143
2014-03-18,28106.716,2014.0,3.0,18.0,1.0,1.0,3960.358,1561.062,5239.799428571429
2014-03-19,590.762,2014.0,3.0,19.0,2.0,1.0,28106.716,741.956,5218.200285714286
2014-03-21,4109.816,2014.0,3.0,21.0,4.0,1.0,590.762,918.314,5674.129142857143
2014-03-22,464.09299999999996,2014.0,3.0,22.0,5.0,1.0,4109.816,2108.55,5439.206714285714
2014-03-23,945.064,2014.0,3.0,23.0,6.0,1.0,464.09299999999996,370.78200000000004,5521.247
2014-03-24,65.38,2014.0,3.0,24.0,0.0,1.0,945.064,471.92,5463.169857142858
2014-03-25,459.146,2014.0,3.0,25.0,1.0,1.0,65.38,3960.358,4962.996714285715
2014-03-26,145.13,2014.0,3.0,26.0,2.0,1.0,459.146,28106.716,968.4844285714286
2014-03-28,1823.8039999999999,2014.0,3.0,28.0,4.0,1.0,145.13,590.762,1144.6332857142856
2014-03-29,890.841,2014.0,3.0,29.0,5.0,1.0,1823.8039999999999,4109.816,684.7797142857142
2014-03-30,1170.3220000000001,2014.0,3.0,30.0,6.0,1.0,890.841,464.09299999999996,785.6695714285714
2014-03-31,1959.552,2014.0,3.0,31.0,0.0,1.0,1170.3220000000001,945.064,930.5964285714284
2014-04-01,119.88799999999999,2014.0,4.0,1.0,1.0,2.0,1959.552,65.38,938.3832857142855
2014-04-02,1458.558,2014.0,4.0,2.0,2.0,2.0,119.88799999999999,459.146,1081.1564285714285
2014-04-03,233.45,2014.0,4.0,3.0,3.0,2.0,1458.558,145.13,1093.7735714285714
2014-04-04,475.844,2014.0,4.0,4.0,4.0,2.0,233.45,1823.8039999999999,901.207857142857
2014-04-05,5295.098000000001,2014.0,4.0,5.0,5.0,2.0,475.844,890.841,1530.3874285714285
2014-04-06,1650.69,2014.0,4.0,6.0,6.0,2.0,5295.098000000001,1170.3220000000001,1599.0114285714285
2014-04-07,1021.1700000000001,2014.0,4.0,7.0,0.0,2.0,1650.69,1959.552,1464.9568571428572
2014-04-08,1958.75,2014.0,4.0,8.0,1.0,2.0,1021.1700000000001,119.88799999999999,1727.6514285714286
2014-04-11,1915.24,2014.0,4.0,11.0,4.0,2.0,1958.75,1458.558,1792.8917142857142
2014-04-12,1912.123,2014.0,4.0,12.0,5.0,2.0,1915.24,233.45,2032.702142857143
2014-04-13,638.576,2014.0,4.0,13.0,6.0,2.0,1912.123,475.844,2055.9495714285717
2014-04-15,294.71999999999997,2014.0,4.0,15.0,1.0,2.0,638.576,5295.098000000001,1341.609857142857
2014-04-16,39.072,2014.0,4.0,16.0,2.0,2.0,294.71999999999997,1650.69,1111.3787142857143
2014-04-18,1020.532,2014.0,4.0,18.0,4.0,2.0,39.072,1021.1700000000001,1111.2875714285715
2014-04-19,205.47,2014.0,4.0,19.0,5.0,2.0,1020.532,1958.75,860.8190000000001
2014-04-20,1250.45,2014.0,4.0,20.0,6.0,2.0,205.47,1915.24,765.849
2014-04-21,845.36,2014.0,4.0,21.0,0.0,2.0,1250.45,1912.123,613.4542857142858
2014-04-22,257.752,2014.0,4.0,22.0,1.0,2.0,845.36,638.576,559.0508571428571
2014-04-23,643.98,2014.0,4.0,23.0,2.0,2.0,257.752,294.71999999999997,608.9451428571429
2014-04-25,2379.9939999999997,2014.0,4.0,25.0,4.0,2.0,643.98,39.072,943.3625714285714
2014-04-26,282.568,2014.0,4.0,26.0,5.0,2.0,2379.9939999999997,1020.532,837.9391428571428
2014-04-28,2578.476,2014.0,4.0,28.0,0.0,2.0,282.568,205.47,1176.94
2014-04-29,768.8439999999999,2014.0,4.0,29.0,1.0,2.0,2578.476,1250.45,1108.1391428571428
2014-04-30,1048.74,2014.0,4.0,30.0,2.0,2.0,768.8439999999999,845.36,1137.1934285714285
2014-05-02,506.12,2014.0,5.0,2.0,4.0,2.0,1048.74,257.752,1172.6745714285714
2014-05-03,72.632,2014.0,5.0,3.0,5.0,2.0,506.12,643.98,1091.0534285714286
2014-05-04,187.43200000000002,2014.0,5.0,4.0,6.0,2.0,72.632,2379.9939999999997,777.8302857142857
2014-05-05,260.977,2014.0,5.0,5.0,0.0,2.0,187.43200000000002,282.568,774.7458571428571
2014-05-06,254.456,2014.0,5.0,6.0,1.0,2.0,260.977,2578.476,442.743
2014-05-07,1091.35,2014.0,5.0,7.0,2.0,2.0,254.456,768.8439999999999,488.8152857142856
2014-05-08,1799.97,2014.0,5.0,8.0,3.0,2.0,1091.35,1048.74,596.1338571428571
2014-05-09,394.48,2014.0,5.0,9.0,4.0,2.0,1799.97,506.12,580.1852857142857
2014-05-10,2343.799,2014.0,5.0,10.0,5.0,2.0,394.48,72.632,904.6377142857143
2014-05-11,1642.802,2014.0,5.0,11.0,6.0,2.0,2343.799,187.43200000000002,1112.5477142857142
2014-05-12,734.846,2014.0,5.0,12.0,0.0,2.0,1642.802,260.977,1180.2432857142855
2014-05-13,898.382,2014.0,5.0,13.0,1.0,2.0,734.846,254.456,1272.2327142857143
2014-05-14,310.88,2014.0,5.0,14.0,2.0,2.0,898.382,1091.35,1160.7369999999999
2014-05-16,289.28,2014.0,5.0,16.0,4.0,2.0,310.88,1799.97,944.9241428571429
2014-05-17,91.68,2014.0,5.0,17.0,5.0,2.0,289.28,394.48,901.667
2014-05-18,948.9480000000001,2014.0,5.0,18.0,6.0,2.0,91.68,2343.799,702.4025714285715
2014-05-19,91.62,2014.0,5.0,19.0,0.0,2.0,948.9480000000001,1642.802,480.8051428571429
2014-05-20,320.10400000000004,2014.0,5.0,20.0,1.0,2.0,91.62,734.846,421.5562857142857
2014-05-21,4264.3279999999995,2014.0,5.0,21.0,2.0,2.0,320.10400000000004,898.382,902.4057142857143
2014-05-22,180.93,2014.0,5.0,22.0,3.0,2.0,4264.3279999999995,310.88,883.8414285714287
2014-05-23,323.75800000000004,2014.0,5.0,23.0,4.0,2.0,180.93,289.28,888.7668571428572
2014-05-24,116.28,2014.0,5.0,24.0,5.0,2.0,323.75800000000004,91.68,892.2811428571429
2014-05-25,119.53999999999999,2014.0,5.0,25.0,6.0,2.0,116.28,948.9480000000001,773.7942857142856
2014-05-26,1325.718,2014.0,5.0,26.0,0.0,2.0,119.53999999999999,91.62,950.0939999999999
2014-05-27,2157.394,2014.0,5.0,27.0,1.0,2.0,1325.718,320.10400000000004,1212.564
2014-05-28,221.96800000000002,2014.0,5.0,28.0,2.0,2.0,2157.394,4264.3279999999995,635.084
2014-05-30,1924.913,2014.0,5.0,30.0,4.0,2.0,221.96800000000002,180.93,884.2244285714286
2014-05-31,773.7,2014.0,5.0,31.0,5.0,2.0,1924.913,323.75800000000004,948.5018571428571
2014-06-01,5188.5199999999995,2014.0,6.0,1.0,6.0,2.0,773.7,116.28,1673.1075714285714
2014-06-02,738.598,2014.0,6.0,2.0,0.0,2.0,5188.5199999999995,119.53999999999999,1761.5444285714282
2014-06-03,741.336,2014.0,6.0,3.0,1.0,2.0,738.598,1325.718,1678.0612857142858
2014-06-04,456.272,2014.0,6.0,4.0,2.0,2.0,741.336,2157.394,1435.043857142857
2014-06-06,1374.0010000000002,2014.0,6.0,6.0,4.0,2.0,456.272,221.96800000000002,1599.6199999999997
2014-06-07,281.397,2014.0,6.0,7.0,5.0,2.0,1374.0010000000002,1924.913,1364.832
2014-06-08,2501.264,2014.0,6.0,8.0,6.0,2.0,281.397,773.7,1611.626857142857
2014-06-09,5463.008,2014.0,6.0,9.0,0.0,2.0,2501.264,5188.5199999999995,1650.8394285714287
2014-06-10,491.55,2014.0,6.0,10.0,1.0,2.0,5463.008,738.598,1615.546857142857
2014-06-13,14.52,2014.0,6.0,13.0,4.0,2.0,491.55,741.336,1511.7160000000001
2014-06-14,212.94,2014.0,6.0,14.0,5.0,2.0,14.52,456.272,1476.9542857142858
2014-06-15,942.9739999999999,2014.0,6.0,15.0,6.0,2.0,212.94,1374.0010000000002,1415.3790000000001
2014-06-16,763.792,2014.0,6.0,16.0,0.0,2.0,942.9739999999999,281.397,1484.2925714285716
2014-06-17,3418.5020000000004,2014.0,6.0,17.0,1.0,2.0,763.792,2501.264,1615.3265714285715
2014-06-18,139.8,2014.0,6.0,18.0,2.0,2.0,3418.5020000000004,5463.008,854.8682857142858
2014-06-20,1828.9496,2014.0,6.0,20.0,4.0,2.0,139.8,491.55,1045.9253714285715
2014-06-21,4107.443,2014.0,6.0,21.0,5.0,2.0,1828.9496,14.52,1630.6286571428573
2014-06-22,1975.498,2014.0,6.0,22.0,6.0,2.0,4107.443,212.94,1882.4226571428571
2014-06-23,109.49600000000001,2014.0,6.0,23.0,0.0,2.0,1975.498,942.9739999999999,1763.3543714285715
2014-06-24,4.272,2014.0,6.0,24.0,1.0,2.0,109.49600000000001,763.792,1654.8515142857143
2014-06-25,792.76,2014.0,6.0,25.0,2.0,2.0,4.272,3418.5020000000004,1279.7455142857143
2014-06-27,616.14,2014.0,6.0,27.0,4.0,2.0,792.76,139.8,1347.7940857142858
2014-06-28,1645.791,2014.0,6.0,28.0,5.0,2.0,616.14,1828.9496,1321.6285714285714
2014-06-29,46.68,2014.0,6.0,29.0,6.0,2.0,1645.791,4107.443,741.5195714285713
2014-06-30,739.624,2014.0,6.0,30.0,0.0,2.0,46.68,1975.498,564.9661428571428
2014-07-01,601.0239999999999,2014.0,7.0,1.0,1.0,3.0,739.624,109.49600000000001,635.1844285714285
2014-07-02,79.56,2014.0,7.0,2.0,2.0,3.0,601.0239999999999,4.272,645.9398571428571
2014-07-04,247.40800000000002,2014.0,7.0,4.0,4.0,3.0,79.56,792.76,568.0324285714285
2014-07-05,1444.104,2014.0,7.0,5.0,5.0,3.0,247.40800000000002,616.14,686.313
2014-07-06,1038.472,2014.0,7.0,6.0,6.0,3.0,1444.104,1645.791,599.5531428571428
2014-07-07,241.19400000000002,2014.0,7.0,7.0,0.0,3.0,1038.472,46.68,627.3408571428571
2014-07-08,763.0740000000001,2014.0,7.0,8.0,1.0,3.0,241.19400000000002,739.624,630.690857142857
2014-07-09,265.521,2014.0,7.0,9.0,2.0,3.0,763.0740000000001,601.0239999999999,582.7618571428571
2014-07-11,2187.206,2014.0,7.0,11.0,4.0,3.0,265.521,79.56,883.8541428571428
2014-07-12,1960.012,2014.0,7.0,12.0,5.0,3.0,2187.206,247.40800000000002,1128.511857142857
2014-07-13,351.216,2014.0,7.0,13.0,6.0,3.0,1960.012,1444.104,972.3850000000001
2014-07-14,292.594,2014.0,7.0,14.0,0.0,3.0,351.216,1038.472,865.831
2014-07-15,9.51,2014.0,7.0,15.0,1.0,3.0,292.594,241.19400000000002,832.7332857142858
2014-07-18,273.04,2014.0,7.0,18.0,4.0,3.0,9.51,763.0740000000001,762.7284285714287
2014-07-19,461.326,2014.0,7.0,19.0,5.0,3.0,273.04,265.521,790.7005714285715
2014-07-20,2285.786,2014.0,7.0,20.0,6.0,3.0,461.326,2187.206,804.7834285714287
2014-07-21,1961.482,2014.0,7.0,21.0,0.0,3.0,2285.786,1960.012,804.9934285714286
2014-07-22,1348.344,2014.0,7.0,22.0,1.0,3.0,1961.482,351.216,947.4402857142858
2014-07-23,2613.1839999999997,2014.0,7.0,23.0,2.0,3.0,1348.344,292.594,1278.9531428571427
2014-07-25,8341.289999999999,2014.0,7.0,25.0,4.0,3.0,2613.1839999999997,9.51,2469.2074285714284
2014-07-26,5039.994,2014.0,7.0,26.0,5.0,3.0,8341.289999999999,273.04,3150.200857142857
2014-07-27,580.06,2014.0,7.0,27.0,6.0,3.0,5039.994,461.326,3167.162857142857
2014-07-28,193.152,2014.0,7.0,28.0,0.0,3.0,580.06,2285.786,2868.215142857143
2014-07-30,1367.84,2014.0,7.0,30.0,2.0,3.0,193.152,1961.482,2783.4091428571433
2014-08-01,228.328,2014.0,8.0,1.0,4.0,3.0,1367.84,1348.344,2623.406857142857
2014-08-02,886.28,2014.0,8.0,2.0,5.0,3.0,228.328,2613.1839999999997,2376.7062857142855
2014-08-03,477.994,2014.0,8.0,3.0,6.0,3.0,886.28,8341.289999999999,1253.3782857142858
2014-08-04,2743.154,2014.0,8.0,4.0,0.0,3.0,477.994,5039.994,925.258285714286
2014-08-05,2408.7239999999997,2014.0,8.0,5.0,1.0,3.0,2743.154,580.06,1186.4960000000003
2014-08-06,262.89,2014.0,8.0,6.0,2.0,3.0,2408.7239999999997,193.152,1196.4585714285718
2014-08-08,3955.629,2014.0,8.0,8.0,4.0,3.0,262.89,1367.84,1566.1427142857144
2014-08-09,3605.6850000000004,2014.0,8.0,9.0,5.0,3.0,3955.629,228.328,2048.622285714286
2014-08-11,451.62,2014.0,8.0,11.0,0.0,3.0,3605.6850000000004,886.28,1986.5280000000002
2014-08-12,1832.38,2014.0,8.0,12.0,1.0,3.0,451.62,477.994,2180.011714285715
2014-08-15,842.7819999999999,2014.0,8.0,15.0,4.0,3.0,1832.38,2743.154,1908.5300000000004
2014-08-16,853.092,2014.0,8.0,16.0,5.0,3.0,842.7819999999999,2408.7239999999997,1686.2968571428576
2014-08-17,500.342,2014.0,8.0,17.0,6.0,3.0,853.092,262.89,1720.2185714285715
2014-08-19,1439.106,2014.0,8.0,19.0,1.0,3.0,500.342,3955.629,1360.715285714286
2014-08-20,1838.722,2014.0,8.0,20.0,2.0,3.0,1439.106,3605.6850000000004,1108.2920000000001
2014-08-22,23.104,2014.0,8.0,22.0,4.0,3.0,1838.722,451.62,1047.0754285714288
2014-08-23,565.224,2014.0,8.0,23.0,5.0,3.0,23.104,1832.38,866.0531428571431
2014-08-24,59.74,2014.0,8.0,24.0,6.0,3.0,565.224,842.7819999999999,754.1900000000003
2014-08-25,1451.6499999999999,2014.0,8.0,25.0,0.0,3.0,59.74,853.092,839.6982857142859
2014-08-26,366.81,2014.0,8.0,26.0,1.0,3.0,1451.6499999999999,500.342,820.622285714286
2014-08-27,2070.13,2014.0,8.0,27.0,2.0,3.0,366.81,1439.106,910.7685714285716
2014-08-29,832.3225,2014.0,8.0,29.0,4.0,3.0,2070.13,1838.722,766.9972142857144
2014-08-30,121.24,2014.0,8.0,30.0,5.0,3.0,832.3225,23.104,781.016642857143
2014-08-31,92.52,2014.0,8.0,31.0,6.0,3.0,121.24,565.224,713.4875000000002
2014-09-01,469.436,2014.0,9.0,1.0,0.0,3.0,92.52,59.74,772.0155000000002
2014-09-02,3254.15,2014.0,9.0,2.0,1.0,3.0,469.436,1451.6499999999999,1029.5155000000002
2014-09-03,22.08,2014.0,9.0,3.0,2.0,3.0,3254.15,366.81,980.2683571428573
2014-09-05,296.304,2014.0,9.0,5.0,4.0,3.0,22.08,2070.13,726.864642857143
2014-09-06,100.36,2014.0,9.0,6.0,5.0,3.0,296.304,832.3225,622.2985714285717
2014-09-07,3523.875,2014.0,9.0,7.0,6.0,3.0,100.36,121.24,1108.389285714286
2014-09-08,14228.428,2014.0,9.0,8.0,0.0,3.0,3523.875,92.52,3127.8047142857145
2014-09-09,4043.5879999999997,2014.0,9.0,9.0,1.0,3.0,14228.428,469.436,3638.397857142857
2014-09-10,1855.2279999999998,2014.0,9.0,10.0,2.0,3.0,4043.5879999999997,3254.15,3438.5518571428574
2014-09-11,127.95,2014.0,9.0,11.0,3.0,3.0,1855.2279999999998,22.08,3453.676142857143
2014-09-12,4904.66,2014.0,9.0,12.0,4.0,3.0,127.95,296.304,4112.0127142857145
2014-09-13,1275.408,2014.0,9.0,13.0,5.0,3.0,4904.66,100.36,4279.876714285714
2014-09-14,5023.716,2014.0,9.0,14.0,6.0,3.0,1275.408,3523.875,4494.139714285714
2014-09-15,133.436,2014.0,9.0,15.0,0.0,3.0,5023.716,14228.428,2480.5694285714294
2014-09-16,33.552,2014.0,9.0,16.0,1.0,3.0,133.436,4043.5879999999997,1907.707142857143
2014-09-17,820.523,2014.0,9.0,17.0,2.0,3.0,33.552,1855.2279999999998,1759.8921428571432
2014-09-19,9338.637,2014.0,9.0,19.0,4.0,3.0,820.523,127.95,3075.7045714285714
2014-09-20,5335.968000000001,2014.0,9.0,20.0,5.0,3.0,9338.637,4904.66,3137.3200000000006
2014-09-21,2679.652,2014.0,9.0,21.0,6.0,3.0,5335.968000000001,1275.408,3337.926285714286
2014-09-22,1240.266,2014.0,9.0,22.0,0.0,3.0,2679.652,5023.716,2797.433428571429
2014-09-23,10662.337000000001,2014.0,9.0,23.0,1.0,3.0,1240.266,133.436,4301.562142857144
2014-09-24,211.96,2014.0,9.0,24.0,2.0,3.0,10662.337000000001,33.552,4327.049000000001
2014-09-25,354.88880000000006,2014.0,9.0,25.0,3.0,3.0,211.96,820.523,4260.52982857143
2014-09-26,1480.614,2014.0,9.0,26.0,4.0,3.0,354.88880000000006,9338.637,3137.955114285715
2014-09-27,773.4399999999999,2014.0,9.0,27.0,5.0,3.0,1480.614,5335.968000000001,2486.165400000001
2014-09-28,490.29200000000003,2014.0,9.0,28.0,6.0,3.0,773.4399999999999,2679.652,2173.399685714286
2014-09-29,8109.07,2014.0,9.0,29.0,0.0,3.0,490.29200000000003,1240.266,3154.6574000000005
2014-09-30,987.532,2014.0,9.0,30.0,1.0,3.0,8109.07,10662.337000000001,1772.5424000000003
2014-10-01,4.71,2014.0,10.0,1.0,2.0,4.0,987.532,211.96,1742.9352571428574
2014-10-02,598.144,2014.0,10.0,2.0,3.0,4.0,4.71,354.88880000000006,1777.6860000000001
2014-10-03,862.683,2014.0,10.0,3.0,4.0,4.0,598.144,1480.614,1689.4101428571432
2014-10-04,728.7479999999999,2014.0,10.0,4.0,5.0,4.0,862.683,773.4399999999999,1683.0255714285718
2014-10-05,191.9,2014.0,10.0,5.0,6.0,4.0,728.7479999999999,490.29200000000003,1640.398142857143
2014-10-06,494.71,2014.0,10.0,6.0,0.0,4.0,191.9,8109.07,552.6324285714288
2014-10-07,237.35999999999999,2014.0,10.0,7.0,1.0,4.0,494.71,987.532,445.4650000000002
2014-10-08,147.392,2014.0,10.0,8.0,2.0,4.0,237.35999999999999,4.71,465.8481428571431
2014-10-09,249.35999999999999,2014.0,10.0,9.0,3.0,4.0,147.392,598.144,416.0218571428574
2014-10-10,2049.386,2014.0,10.0,10.0,4.0,4.0,249.35999999999999,862.683,585.5508571428574
2014-10-11,1381.164,2014.0,10.0,11.0,5.0,4.0,2049.386,728.7479999999999,678.7531428571431
2014-10-12,58.53,2014.0,10.0,12.0,6.0,4.0,1381.164,191.9,659.700285714286
2014-10-13,2212.182,2014.0,10.0,13.0,0.0,4.0,58.53,494.71,905.0534285714288
2014-10-14,4525.484,2014.0,10.0,14.0,1.0,4.0,2212.182,237.35999999999999,1517.6425714285717
2014-10-15,206.72400000000002,2014.0,10.0,15.0,2.0,4.0,4525.484,147.392,1526.1185714285716
2014-10-16,194.322,2014.0,10.0,16.0,3.0,4.0,206.72400000000002,249.35999999999999,1518.256
2014-10-17,136.068,2014.0,10.0,17.0,4.0,4.0,194.322,2049.386,1244.9248571428575
2014-10-18,3134.916,2014.0,10.0,18.0,5.0,4.0,136.068,1381.164,1495.4608571428575
2014-10-19,641.104,2014.0,10.0,19.0,6.0,4.0,3134.916,58.53,1578.6857142857145
2014-10-20,1501.104,2014.0,10.0,20.0,0.0,4.0,641.104,2212.182,1477.103142857143
2014-10-21,1356.602,2014.0,10.0,21.0,1.0,4.0,1501.104,4525.484,1024.4057142857146
2014-10-22,223.808,2014.0,10.0,22.0,2.0,4.0,1356.602,206.72400000000002,1026.846285714286
2014-10-24,56.49,2014.0,10.0,24.0,4.0,4.0,223.808,194.322,1007.1560000000002
2014-10-25,103.882,2014.0,10.0,25.0,5.0,4.0,56.49,136.068,1002.5580000000002
2014-10-26,447.88,2014.0,10.0,26.0,6.0,4.0,103.882,3134.916,618.6957142857145
2014-10-27,22.32,2014.0,10.0,27.0,0.0,4.0,447.88,641.104,530.2980000000002
2014-10-28,1510.5819999999999,2014.0,10.0,28.0,1.0,4.0,22.32,1501.104,531.6520000000003
2014-10-29,2813.8120000000004,2014.0,10.0,29.0,2.0,4.0,1510.5819999999999,1356.602,739.8248571428575
2014-10-31,5362.026,2014.0,10.0,31.0,4.0,4.0,2813.8120000000004,223.808,1473.8560000000002
2014-11-01,4732.08,2014.0,11.0,1.0,5.0,4.0,5362.026,56.49,2141.797428571429
2014-11-02,2126.37,2014.0,11.0,2.0,6.0,4.0,4732.08,103.882,2430.724285714286
2014-11-03,2784.163,2014.0,11.0,3.0,0.0,4.0,2126.37,447.88,2764.4790000000003
2014-11-04,6693.7480000000005,2014.0,11.0,4.0,1.0,4.0,2784.163,22.32,3717.540142857143
2014-11-05,1694.564,2014.0,11.0,5.0,2.0,4.0,6693.7480000000005,1510.5819999999999,3743.823285714286
2014-11-06,43.68,2014.0,11.0,6.0,3.0,4.0,1694.564,2813.8120000000004,3348.090142857143
2014-11-07,1449.142,2014.0,11.0,7.0,4.0,4.0,43.68,5362.026,2789.1067142857146
2014-11-08,333.576,2014.0,11.0,8.0,5.0,4.0,1449.142,4732.08,2160.7490000000003
2014-11-09,1574.094,2014.0,11.0,9.0,6.0,4.0,333.576,2126.37,2081.8524285714293
2014-11-10,2002.556,2014.0,11.0,10.0,0.0,4.0,1574.094,2784.163,1970.1942857142863
2014-11-11,8114.548,2014.0,11.0,11.0,1.0,4.0,2002.556,6693.7480000000005,2173.1657142857143
2014-11-12,1054.7612,2014.0,11.0,12.0,2.0,4.0,8114.548,1694.564,2081.765314285715
2014-11-14,1034.73,2014.0,11.0,14.0,4.0,4.0,1054.7612,43.68,2223.343885714286
2014-11-15,1780.822,2014.0,11.0,15.0,5.0,4.0,1034.73,1449.142,2270.726742857143
2014-11-16,1355.9285,2014.0,11.0,16.0,6.0,4.0,1780.822,333.576,2416.7771000000002
2014-11-17,11544.274,2014.0,11.0,17.0,0.0,4.0,1355.9285,1574.094,3841.088528571429
2014-11-18,3406.855,2014.0,11.0,18.0,1.0,4.0,11544.274,2002.556,4041.7026714285716
2014-11-19,7226.086,2014.0,11.0,19.0,2.0,4.0,3406.855,8114.548,3914.7795285714287
2014-11-20,907.5600000000001,2014.0,11.0,20.0,3.0,4.0,7226.086,1054.7612,3893.750785714286
2014-11-21,1249.622,2014.0,11.0,21.0,4.0,4.0,907.5600000000001,1034.73,3924.4496428571433
2014-11-22,1103.298,2014.0,11.0,22.0,5.0,4.0,1249.622,1780.822,3827.6605000000004
2014-11-23,1363.28,2014.0,11.0,23.0,6.0,4.0,1103.298,1355.9285,3828.7107142857153
2014-11-24,5578.606,2014.0,11.0,24.0,0.0,4.0,1363.28,11544.274,2976.4724285714287
2014-11-25,4415.695,2014.0,11.0,25.0,1.0,4.0,5578.606,3406.855,3120.592428571429
2014-11-26,1705.99,2014.0,11.0,26.0,2.0,4.0,4415.695,7226.086,2332.007285714286
2014-11-27,203.66,2014.0,11.0,27.0,3.0,4.0,1705.99,907.5600000000001,2231.450142857143
2014-11-28,2280.83,2014.0,11.0,28.0,4.0,4.0,203.66,1249.622,2378.7655714285715
2014-11-29,649.044,2014.0,11.0,29.0,5.0,4.0,2280.83,1103.298,2313.872142857143
2014-11-30,219.154,2014.0,11.0,30.0,6.0,4.0,649.044,1363.28,2150.4255714285714
2014-12-01,5624.39,2014.0,12.0,1.0,0.0,4.0,219.154,5578.606,2156.966142857143
2014-12-02,1771.808,2014.0,12.0,2.0,1.0,4.0,5624.39,4415.695,1779.2680000000003
2014-12-03,505.88,2014.0,12.0,3.0,2.0,4.0,1771.808,1705.99,1607.8237142857145
2014-12-04,129.98,2014.0,12.0,4.0,3.0,4.0,505.88,203.66,1597.2980000000005
2014-12-05,2963.642,2014.0,12.0,5.0,4.0,4.0,129.98,2280.83,1694.8425714285718
2014-12-06,1970.978,2014.0,12.0,6.0,5.0,4.0,2963.642,649.044,1883.6902857142861
2014-12-07,548.4,2014.0,12.0,7.0,6.0,4.0,1970.978,219.154,1930.7254285714287
2014-12-08,1095.12,2014.0,12.0,8.0,0.0,4.0,548.4,5624.39,1283.6868571428572
2014-12-09,1522.652,2014.0,12.0,9.0,1.0,4.0,1095.12,1771.808,1248.0931428571432
2014-12-10,573.336,2014.0,12.0,10.0,2.0,4.0,1522.652,505.88,1257.7297142857146
2014-12-12,4938.4045,2014.0,12.0,12.0,4.0,4.0,573.336,129.98,1944.6475000000003
2014-12-13,293.152,2014.0,12.0,13.0,5.0,4.0,4938.4045,2963.642,1563.1489285714288
2014-12-14,7641.658,2014.0,12.0,14.0,6.0,4.0,293.152,1970.978,2373.246071428572
2014-12-15,1264.466,2014.0,12.0,15.0,0.0,4.0,7641.658,548.4,2475.5412142857144
2014-12-16,4394.187,2014.0,12.0,16.0,1.0,4.0,1264.466,1095.12,2946.8365000000003
2014-12-17,45.534,2014.0,12.0,17.0,2.0,4.0,4394.187,1522.652,2735.819642857143
2014-12-19,3436.7599999999998,2014.0,12.0,19.0,4.0,4.0,45.534,573.336,3144.8802142857144
2014-12-20,6962.4400000000005,2014.0,12.0,20.0,5.0,4.0,3436.7599999999998,4938.4045,3434.0281428571434
2014-12-21,1933.44,2014.0,12.0,21.0,6.0,4.0,6962.4400000000005,293.152,3668.355
2014-12-22,798.968,2014.0,12.0,22.0,0.0,4.0,1933.44,7641.658,2690.8278571428573
2014-12-23,942.108,2014.0,12.0,23.0,1.0,4.0,798.968,1264.466,2644.7767142857147
2014-12-24,1950.202,2014.0,12.0,24.0,2.0,4.0,942.108,4394.187,2295.636
2014-12-26,2041.414,2014.0,12.0,26.0,4.0,4.0,1950.202,45.534,2580.761714285715
2014-12-27,2966.388,2014.0,12.0,27.0,5.0,4.0,2041.414,3436.7599999999998,2513.565714285715
2014-12-28,3732.2960000000003,2014.0,12.0,28.0,6.0,4.0,2966.388,6962.4400000000005,2052.1165714285717
2014-12-29,2072.096,2014.0,12.0,29.0,0.0,4.0,3732.2960000000003,1933.44,2071.9245714285717
2014-12-30,2172.6510000000003,2014.0,12.0,30.0,1.0,4.0,2072.096,798.968,2268.1650000000004
2014-12-31,5253.2699999999995,2014.0,12.0,31.0,2.0,4.0,2172.6510000000003,942.108,2884.045285714286
2015-01-02,1932.096,2015.0,1.0,2.0,4.0,1.0,5253.2699999999995,1950.202,2881.458714285714
2015-01-03,1768.2215999999999,2015.0,1.0,3.0,5.0,1.0,1932.096,2041.414,2842.4312285714286
2015-01-04,264.46000000000004,2015.0,1.0,4.0,6.0,1.0,1768.2215999999999,2966.388,2456.441514285714
2015-01-05,295.272,2015.0,1.0,5.0,0.0,1.0,264.46000000000004,3732.2960000000003,1965.438085714286
2015-01-06,31.538,2015.0,1.0,6.0,1.0,1.0,295.272,2072.096,1673.9298000000001
2015-01-09,364.07,2015.0,1.0,9.0,4.0,1.0,31.538,2172.6510000000003,1415.5610857142858
2015-01-10,1018.104,2015.0,1.0,10.0,5.0,1.0,364.07,5253.2699999999995,810.5373714285716
2015-01-12,854.614,2015.0,1.0,12.0,0.0,1.0,1018.104,1932.096,656.6113714285717
2015-01-13,622.278,2015.0,1.0,13.0,1.0,1.0,854.614,1768.2215999999999,492.9051428571432
2015-01-17,350.384,2015.0,1.0,17.0,5.0,1.0,622.278,264.46000000000004,505.1800000000003
2015-01-19,301.742,2015.0,1.0,19.0,0.0,1.0,350.384,295.272,506.104285714286
2015-01-23,43.66,2015.0,1.0,23.0,4.0,1.0,301.742,31.538,507.8360000000003
2015-01-24,13.12,2015.0,1.0,24.0,5.0,1.0,43.66,364.07,457.700285714286
2015-01-26,182.72,2015.0,1.0,26.0,0.0,1.0,13.12,1018.104,338.3597142857146
2015-01-27,3573.252,2015.0,1.0,27.0,1.0,1.0,182.72,854.614,726.7365714285717
2015-01-28,4297.644,2015.0,1.0,28.0,2.0,1.0,3573.252,622.278,1251.7888571428573
2015-01-30,2161.6400000000003,2015.0,1.0,30.0,4.0,1.0,4297.644,350.384,1510.5397142857146
2015-01-31,99.26,2015.0,1.0,31.0,5.0,1.0,2161.6400000000003,301.742,1481.6137142857147
2015-02-03,492.836,2015.0,2.0,3.0,1.0,1.0,99.26,43.66,1545.7817142857145
2015-02-06,2432.544,2015.0,2.0,6.0,4.0,1.0,492.836,13.12,1891.4137142857146
2015-02-07,324.10999999999996,2015.0,2.0,7.0,5.0,1.0,2432.544,182.72,1911.612285714286
2015-02-08,129.09199999999998,2015.0,2.0,8.0,6.0,1.0,324.10999999999996,3573.252,1419.5894285714292
2015-02-09,785.5519999999999,2015.0,2.0,9.0,0.0,1.0,129.09199999999998,4297.644,917.8620000000002
2015-02-10,77.24,2015.0,2.0,10.0,1.0,1.0,785.5519999999999,2161.6400000000003,620.0905714285717
2015-02-14,1079.962,2015.0,2.0,14.0,5.0,1.0,77.24,99.26,760.1908571428573
2015-02-15,1602.38,2015.0,2.0,15.0,6.0,1.0,1079.962,492.836,918.6971428571431
2015-02-16,160.43,2015.0,2.0,16.0,0.0,1.0,1602.38,2432.544,594.1094285714288
2015-02-18,105.844,2015.0,2.0,18.0,2.0,1.0,160.43,324.10999999999996,562.9285714285717
2015-02-20,316.78000000000003,2015.0,2.0,20.0,4.0,1.0,105.844,129.09199999999998,589.7411428571431
2015-02-21,2591.1,2015.0,2.0,21.0,5.0,1.0,316.78000000000003,785.5519999999999,847.6765714285717
2015-02-22,79.36,2015.0,2.0,22.0,6.0,1.0,2591.1,77.24,847.9794285714288
2015-02-23,37.775999999999996,2015.0,2.0,23.0,0.0,1.0,79.36,1079.962,699.0957142857145
2015-02-25,25.869999999999997,2015.0,2.0,25.0,2.0,1.0,37.775999999999996,1602.38,473.88000000000017
2015-02-27,1159.2710000000002,2015.0,2.0,27.0,4.0,1.0,25.869999999999997,160.43,616.5715714285717
2015-02-28,551.264,2015.0,2.0,28.0,5.0,1.0,1159.2710000000002,105.844,680.2030000000003
2015-03-01,1642.1743999999999,2015.0,3.0,1.0,6.0,1.0,551.264,316.78000000000003,869.5450571428573
2015-03-02,899.5699999999999,2015.0,3.0,2.0,0.0,1.0,1642.1743999999999,2591.1,627.8979142857145
2015-03-05,1969.267,2015.0,3.0,5.0,3.0,1.0,899.5699999999999,79.36,897.8846285714288
2015-03-06,1555.244,2015.0,3.0,6.0,4.0,1.0,1969.267,37.775999999999996,1114.6657714285716
2015-03-07,807.54,2015.0,3.0,7.0,5.0,1.0,1555.244,25.869999999999997,1226.3329142857144
2015-03-08,2563.2960000000003,2015.0,3.0,8.0,6.0,1.0,807.54,1159.2710000000002,1426.9079142857147
2015-03-09,478.008,2015.0,3.0,9.0,0.0,1.0,2563.2960000000003,551.264,1416.4427714285716
2015-03-10,90.93199999999999,2015.0,3.0,10.0,1.0,1.0,478.008,1642.1743999999999,1194.8367142857148
2015-03-12,51.016000000000005,2015.0,3.0,12.0,3.0,1.0,90.93199999999999,899.5699999999999,1073.6147142857146
2015-03-13,1384.856,2015.0,3.0,13.0,4.0,1.0,51.016000000000005,1969.267,990.1274285714288
2015-03-14,707.9000000000001,2015.0,3.0,14.0,5.0,1.0,1384.856,1555.244,869.078285714286
2015-03-15,16.776,2015.0,3.0,15.0,6.0,1.0,707.9000000000001,807.54,756.1120000000003
2015-03-16,7230.209999999999,2015.0,3.0,16.0,0.0,1.0,16.776,2563.2960000000003,1422.814
2015-03-17,48.84,2015.0,3.0,17.0,1.0,1.0,7230.209999999999,478.008,1361.5042857142857
2015-03-19,5652.9396,2015.0,3.0,19.0,3.0,1.0,48.84,90.93199999999999,2156.0768
2015-03-20,1548.194,2015.0,3.0,20.0,4.0,1.0,5652.9396,51.016000000000005,2369.9593714285716
2015-03-21,1270.3790000000001,2015.0,3.0,21.0,5.0,1.0,1548.194,1384.856,2353.6055142857144
2015-03-22,2481.424,2015.0,3.0,22.0,6.0,1.0,1270.3790000000001,707.9000000000001,2606.966085714286
2015-03-23,633.302,2015.0,3.0,23.0,0.0,1.0,2481.424,16.776,2695.0412285714287
2015-03-24,412.95,2015.0,3.0,24.0,1.0,1.0,633.302,7230.209999999999,1721.1469428571431
2015-03-26,4623.37,2015.0,3.0,26.0,3.0,1.0,412.95,48.84,2374.6512285714293
2015-03-27,83.7,2015.0,3.0,27.0,4.0,1.0,4623.37,5652.9396,1579.0455714285715
2015-03-28,243.344,2015.0,3.0,28.0,5.0,1.0,83.7,1548.194,1392.638428571429
2015-03-29,1559.0800000000002,2015.0,3.0,29.0,6.0,1.0,243.344,1270.3790000000001,1433.881428571429
2015-03-30,571.224,2015.0,3.0,30.0,0.0,1.0,1559.0800000000002,2481.424,1160.9957142857145
2015-03-31,200.716,2015.0,3.0,31.0,1.0,1.0,571.224,633.302,1099.1977142857147
2015-04-02,299.22,2015.0,4.0,2.0,3.0,2.0,200.716,412.95,1082.9505714285717
2015-04-04,1484.598,2015.0,4.0,4.0,5.0,2.0,299.22,4623.37,634.5545714285718
2015-04-05,2974.058,2015.0,4.0,5.0,6.0,2.0,1484.598,83.7,1047.4628571428575
2015-04-06,140.004,2015.0,4.0,6.0,0.0,2.0,2974.058,243.344,1032.7000000000003
2015-04-07,907.436,2015.0,4.0,7.0,1.0,2.0,140.004,1559.0800000000002,939.6080000000002
2015-04-09,757.992,2015.0,4.0,9.0,3.0,2.0,907.436,571.224,966.2891428571431
2015-04-10,169.54199999999997,2015.0,4.0,10.0,4.0,2.0,757.992,200.716,961.8357142857146
2015-04-11,1328.346,2015.0,4.0,11.0,5.0,2.0,169.54199999999997,299.22,1108.8537142857144
2015-04-12,40.74,2015.0,4.0,12.0,6.0,2.0,1328.346,1484.598,902.5882857142859
2015-04-13,3192.6780000000003,2015.0,4.0,13.0,0.0,2.0,40.74,2974.058,933.8197142857146
2015-04-14,35.208,2015.0,4.0,14.0,1.0,2.0,3192.6780000000003,140.004,918.8488571428574
2015-04-16,4161.972,2015.0,4.0,16.0,3.0,2.0,35.208,907.436,1383.7825714285716
2015-04-17,2745.106,2015.0,4.0,17.0,4.0,2.0,4161.972,757.992,1667.6560000000002
2015-04-18,2006.96,2015.0,4.0,18.0,5.0,2.0,2745.106,169.54199999999997,1930.144285714286
2015-04-19,329.96,2015.0,4.0,19.0,6.0,2.0,2006.96,1328.346,1787.5177142857144
2015-04-20,1194.726,2015.0,4.0,20.0,0.0,2.0,329.96,40.74,1952.3728571428576
2015-04-21,893.0899999999999,2015.0,4.0,21.0,1.0,2.0,1194.726,3192.6780000000003,1623.8602857142857
2015-04-22,152.916,2015.0,4.0,22.0,2.0,2.0,893.0899999999999,35.208,1640.6757142857145
2015-04-24,25.99,2015.0,4.0,24.0,4.0,2.0,152.916,4161.972,1049.8211428571433
2015-04-25,920.946,2015.0,4.0,25.0,5.0,2.0,25.99,2745.106,789.2268571428574
2015-04-26,2090.1055,2015.0,4.0,26.0,6.0,2.0,920.946,2006.96,801.104785714286
2015-04-27,2719.59,2015.0,4.0,27.0,0.0,2.0,2090.1055,329.96,1142.4805000000003
2015-04-28,4044.3619999999996,2015.0,4.0,28.0,1.0,2.0,2719.59,1194.726,1549.5713571428573
2015-04-29,7.968,2015.0,4.0,29.0,2.0,2.0,4044.3619999999996,893.0899999999999,1423.1253571428574
2015-04-30,1571.695,2015.0,4.0,30.0,3.0,2.0,7.968,152.916,1625.8080714285716
2015-05-01,450.94,2015.0,5.0,1.0,4.0,2.0,1571.695,25.99,1686.5152142857146
2015-05-02,167.232,2015.0,5.0,2.0,5.0,2.0,450.94,920.946,1578.841785714286
2015-05-03,2198.76,2015.0,5.0,3.0,6.0,2.0,167.232,2090.1055,1594.3638571428576
2015-05-04,1121.362,2015.0,5.0,4.0,0.0,2.0,2198.76,2719.59,1366.0455714285715
2015-05-07,305.622,2015.0,5.0,7.0,3.0,2.0,1121.362,4044.3619999999996,831.9398571428575
2015-05-08,3981.968,2015.0,5.0,8.0,4.0,2.0,305.622,7.968,1399.6541428571431
2015-05-09,48.81,2015.0,5.0,9.0,5.0,2.0,3981.968,1571.695,1182.099142857143
2015-05-10,154.442,2015.0,5.0,10.0,6.0,2.0,48.81,450.94,1139.742285714286
2015-05-11,191.968,2015.0,5.0,11.0,0.0,2.0,154.442,167.232,1143.2760000000003
2015-05-12,1060.35,2015.0,5.0,12.0,1.0,2.0,191.968,2198.76,980.6460000000003
2015-05-13,238.384,2015.0,5.0,13.0,2.0,2.0,1060.35,1121.362,854.5062857142859
2015-05-14,3141.1994999999997,2015.0,5.0,14.0,3.0,2.0,238.384,305.622,1259.588785714286
2015-05-15,69.908,2015.0,5.0,15.0,4.0,2.0,3141.1994999999997,3981.968,700.7230714285716
2015-05-16,255.968,2015.0,5.0,16.0,5.0,2.0,69.908,48.81,730.3170714285716
2015-05-17,134.46800000000002,2015.0,5.0,17.0,6.0,2.0,255.968,154.442,727.463642857143
2015-05-18,10.86,2015.0,5.0,18.0,0.0,2.0,134.46800000000002,191.968,701.5910714285716
2015-05-20,169.54399999999998,2015.0,5.0,20.0,2.0,2.0,10.86,1060.35,574.3330714285717
2015-05-21,72.332,2015.0,5.0,21.0,3.0,2.0,169.54399999999998,238.384,550.6113571428574
2015-05-22,3862.0980000000004,2015.0,5.0,22.0,4.0,2.0,72.332,3141.1994999999997,653.5968571428574
2015-05-23,1304.956,2015.0,5.0,23.0,5.0,2.0,3862.0980000000004,69.908,830.0322857142859
2015-05-24,610.3069999999999,2015.0,5.0,24.0,6.0,2.0,1304.956,255.968,880.6521428571431
2015-05-25,1739.4180000000001,2015.0,5.0,25.0,0.0,2.0,610.3069999999999,134.46800000000002,1109.9307142857147
2015-05-26,982.5640000000001,2015.0,5.0,26.0,1.0,2.0,1739.4180000000001,10.86,1248.7455714285718
2015-05-28,794.146,2015.0,5.0,28.0,3.0,2.0,982.5640000000001,169.54399999999998,1337.9744285714291
2015-05-29,1204.842,2015.0,5.0,29.0,4.0,2.0,794.146,72.332,1499.7615714285716
2015-05-30,681.1,2015.0,5.0,30.0,5.0,2.0,1204.842,3862.0980000000004,1045.3332857142861
2015-05-31,5178.138,2015.0,5.0,31.0,6.0,2.0,681.1,1304.956,1598.6450000000004
2015-06-01,834.1980000000001,2015.0,6.0,1.0,0.0,2.0,5178.138,610.3069999999999,1630.6294285714287
2015-06-04,1192.31,2015.0,6.0,4.0,3.0,2.0,834.1980000000001,1739.4180000000001,1552.4711428571431
2015-06-05,1533.1979999999999,2015.0,6.0,5.0,4.0,2.0,1192.31,982.5640000000001,1631.133142857143
2015-06-07,59.768,2015.0,6.0,7.0,6.0,2.0,1533.1979999999999,794.146,1526.222
2015-06-08,1083.112,2015.0,6.0,8.0,0.0,2.0,59.768,1204.842,1508.8320000000003
2015-06-09,797.116,2015.0,6.0,9.0,1.0,2.0,1083.112,681.1,1525.4057142857146
2015-06-11,3373.5640000000003,2015.0,6.0,11.0,3.0,2.0,797.116,5178.138,1267.6094285714291
2015-06-12,174.476,2015.0,6.0,12.0,4.0,2.0,3373.5640000000003,834.1980000000001,1173.3634285714288
2015-06-13,1128.898,2015.0,6.0,13.0,5.0,2.0,174.476,1192.31,1164.3045714285718
2015-06-14,51.072,2015.0,6.0,14.0,6.0,2.0,1128.898,1533.1979999999999,952.5722857142861
2015-06-15,734.144,2015.0,6.0,15.0,0.0,2.0,51.072,59.768,1048.9117142857147
2015-06-16,3443.904,2015.0,6.0,16.0,1.0,2.0,734.144,1083.112,1386.1677142857147
2015-06-18,1883.087,2015.0,6.0,18.0,3.0,2.0,3443.904,797.116,1541.3064285714288
2015-06-19,446.346,2015.0,6.0,19.0,4.0,2.0,1883.087,3373.5640000000003,1123.1324285714288
2015-06-20,829.544,2015.0,6.0,20.0,5.0,2.0,446.346,174.476,1216.7135714285719
2015-06-21,107.976,2015.0,6.0,21.0,6.0,2.0,829.544,1128.898,1070.8675714285716
2015-06-22,2018.953,2015.0,6.0,22.0,0.0,2.0,107.976,51.072,1351.9934285714287
2015-06-23,836.9580000000001,2015.0,6.0,23.0,1.0,2.0,2018.953,734.144,1366.6811428571432
2015-06-25,857.08,2015.0,6.0,25.0,3.0,2.0,836.9580000000001,3443.904,997.1348571428574
2015-06-26,1592.1960000000001,2015.0,6.0,26.0,4.0,2.0,857.08,1883.087,955.5790000000003
2015-06-28,1386.466,2015.0,6.0,28.0,6.0,2.0,1592.1960000000001,446.346,1089.8818571428576
2015-06-29,432.92600000000004,2015.0,6.0,29.0,0.0,2.0,1386.466,829.544,1033.2221428571431
2015-07-02,1631.902,2015.0,7.0,2.0,3.0,3.0,432.92600000000004,107.976,1250.9258571428575
2015-07-03,823.982,2015.0,7.0,3.0,4.0,3.0,1631.902,2018.953,1080.2157142857145
2015-07-04,1138.288,2015.0,7.0,4.0,5.0,3.0,823.982,836.9580000000001,1123.2628571428575
2015-07-05,121.646,2015.0,7.0,5.0,6.0,3.0,1138.288,857.08,1018.2008571428574
2015-07-06,1379.812,2015.0,7.0,6.0,0.0,3.0,121.646,1592.1960000000001,987.860285714286
2015-07-08,21.12,2015.0,7.0,8.0,2.0,3.0,1379.812,1386.466,792.8108571428575
2015-07-09,1587.114,2015.0,7.0,9.0,3.0,3.0,21.12,432.92600000000004,957.6948571428574
2015-07-10,43.286,2015.0,7.0,10.0,4.0,3.0,1587.114,1631.902,730.7497142857145
2015-07-11,1941.952,2015.0,7.0,11.0,5.0,3.0,43.286,823.982,890.4597142857145
2015-07-12,2052.567,2015.0,7.0,12.0,6.0,3.0,1941.952,1138.288,1021.0710000000003
2015-07-13,2033.2559999999999,2015.0,7.0,13.0,0.0,3.0,2052.567,121.646,1294.158142857143
2015-07-14,860.9159999999999,2015.0,7.0,14.0,1.0,3.0,2033.2559999999999,1379.812,1220.0301428571431
2015-07-16,3029.386,2015.0,7.0,16.0,3.0,3.0,860.9159999999999,21.12,1649.782428571429
2015-07-17,448.082,2015.0,7.0,17.0,4.0,3.0,3029.386,1587.114,1487.0635714285715
2015-07-18,672.418,2015.0,7.0,18.0,5.0,3.0,448.082,43.286,1576.9395714285715
2015-07-19,2.025,2015.0,7.0,19.0,6.0,3.0,672.418,1941.952,1299.8071428571432
2015-07-20,2693.168,2015.0,7.0,20.0,0.0,3.0,2.025,2052.567,1391.3215714285718
2015-07-23,208.272,2015.0,7.0,23.0,3.0,3.0,2693.168,2033.2559999999999,1130.6095714285718
2015-07-24,525.95,2015.0,7.0,24.0,4.0,3.0,208.272,860.9159999999999,1082.7572857142861
2015-07-25,2395.024,2015.0,7.0,25.0,5.0,3.0,525.95,3029.386,992.1341428571432
2015-07-26,969.225,2015.0,7.0,26.0,6.0,3.0,2395.024,448.082,1066.5831428571432
2015-07-27,29.97,2015.0,7.0,27.0,0.0,3.0,969.225,672.418,974.8048571428574
2015-07-30,443.802,2015.0,7.0,30.0,3.0,3.0,29.97,2.025,1037.9158571428575
2015-07-31,3712.162,2015.0,7.0,31.0,4.0,3.0,443.802,2693.168,1183.4864285714289
2015-08-01,1011.696,2015.0,8.0,1.0,5.0,3.0,3712.162,208.272,1298.261285714286
2015-08-02,1290.478,2015.0,8.0,2.0,6.0,3.0,1011.696,525.95,1407.4795714285715
2015-08-05,72.65,2015.0,8.0,5.0,2.0,3.0,1290.478,2395.024,1075.7118571428573
2015-08-06,494.86920000000003,2015.0,8.0,6.0,3.0,3.0,72.65,969.225,1007.946742857143
2015-08-07,968.206,2015.0,8.0,7.0,4.0,3.0,494.86920000000003,29.97,1141.9804571428574
2015-08-08,840.102,2015.0,8.0,8.0,5.0,3.0,968.206,443.802,1198.594742857143
2015-08-09,4878.392000000001,2015.0,8.0,9.0,6.0,3.0,840.102,3712.162,1365.199028571429
2015-08-10,851.4739999999999,2015.0,8.0,10.0,0.0,3.0,4878.392000000001,1011.696,1342.3101714285717
2015-08-11,196.112,2015.0,8.0,11.0,1.0,3.0,851.4739999999999,1290.478,1185.9721714285718
2015-08-13,586.896,2015.0,8.0,13.0,3.0,3.0,196.112,72.65,1259.4358857142859
2015-08-15,497.59000000000003,2015.0,8.0,15.0,5.0,3.0,586.896,494.86920000000003,1259.8245714285715
2015-08-16,3378.9320000000002,2015.0,8.0,16.0,6.0,3.0,497.59000000000003,968.206,1604.2140000000004
2015-08-17,381.64,2015.0,8.0,17.0,0.0,3.0,3378.9320000000002,840.102,1538.7194285714288
2015-08-21,2827.52,2015.0,8.0,21.0,4.0,3.0,381.64,4878.392000000001,1245.7377142857144
2015-08-22,66.632,2015.0,8.0,22.0,5.0,3.0,2827.52,851.4739999999999,1133.6174285714287
2015-08-23,1202.278,2015.0,8.0,23.0,6.0,3.0,66.632,196.112,1277.3554285714288
2015-08-24,7194.775000000001,2015.0,8.0,24.0,0.0,3.0,1202.278,586.896,2221.3381428571433
2015-08-25,178.52599999999998,2015.0,8.0,25.0,1.0,3.0,7194.775000000001,497.59000000000003,2175.7575714285717
2015-08-27,639.9739999999999,2015.0,8.0,27.0,3.0,3.0,178.52599999999998,3378.9320000000002,1784.4778571428574
2015-08-28,6491.293,2015.0,8.0,28.0,4.0,3.0,639.9739999999999,381.64,2657.285428571429
2015-08-29,246.5,2015.0,8.0,29.0,5.0,3.0,6491.293,2827.52,2288.568285714286
2015-08-31,2601.797,2015.0,8.0,31.0,0.0,3.0,246.5,66.632,2650.7347142857147
2015-09-01,2367.564,2015.0,9.0,1.0,1.0,3.0,2601.797,1202.278,2817.204142857143
2015-09-03,1874.898,2015.0,9.0,3.0,3.0,3.0,2367.564,7194.775000000001,2057.2217142857144
2015-09-04,1071.284,2015.0,9.0,4.0,4.0,3.0,1874.898,178.52599999999998,2184.7585714285715
2015-09-05,934.1030000000001,2015.0,9.0,5.0,5.0,3.0,1071.284,639.9739999999999,2226.7770000000005
2015-09-06,1005.654,2015.0,9.0,6.0,6.0,3.0,934.1030000000001,6491.293,1443.1142857142859
2015-09-07,2922.667,2015.0,9.0,7.0,0.0,3.0,1005.654,246.5,1825.4238571428575
2015-09-08,89.64,2015.0,9.0,8.0,1.0,3.0,2922.667,2601.797,1466.544285714286
2015-09-10,1415.726,2015.0,9.0,10.0,3.0,3.0,89.64,2367.564,1330.5674285714288
2015-09-11,1962.13,2015.0,9.0,11.0,4.0,3.0,1415.726,1874.898,1343.0291428571431
2015-09-12,707.824,2015.0,9.0,12.0,5.0,3.0,1962.13,1071.284,1291.106285714286
2015-09-13,3445.772,2015.0,9.0,13.0,6.0,3.0,707.824,934.1030000000001,1649.916142857143
2015-09-14,3262.42,2015.0,9.0,14.0,0.0,3.0,3445.772,1005.654,1972.311285714286
2015-09-15,2535.85,2015.0,9.0,15.0,1.0,3.0,3262.42,2922.667,1917.0517142857145
2015-09-16,31.12,2015.0,9.0,16.0,2.0,3.0,2535.85,89.64,1908.6917142857146
2015-09-17,11525.006,2015.0,9.0,17.0,3.0,3.0,31.12,1415.726,3352.874571428572
2015-09-18,3924.32,2015.0,9.0,18.0,4.0,3.0,11525.006,1962.13,3633.187428571429
2015-09-19,500.38,2015.0,9.0,19.0,5.0,3.0,3924.32,707.824,3603.5525714285714
2015-09-20,1836.052,2015.0,9.0,20.0,6.0,3.0,500.38,3445.772,3373.592571428572
2015-09-21,6982.058,2015.0,9.0,21.0,0.0,3.0,1836.052,3262.42,3904.9694285714286
2015-09-22,1783.504,2015.0,9.0,22.0,1.0,3.0,6982.058,2535.85,3797.491428571429
2015-09-24,4220.594,2015.0,9.0,24.0,3.0,3.0,1783.504,31.12,4395.987714285714
2015-09-25,3033.757,2015.0,9.0,25.0,4.0,3.0,4220.594,11525.006,3182.952142857143
2015-09-26,3722.273,2015.0,9.0,26.0,5.0,3.0,3033.757,3924.32,3154.088285714286
2015-09-27,2382.958,2015.0,9.0,27.0,6.0,3.0,3722.273,500.38,3423.028
2015-09-28,1058.364,2015.0,9.0,28.0,0.0,3.0,2382.958,1836.052,3311.9297142857145
2015-10-01,1158.414,2015.0,10.0,1.0,3.0,4.0,1058.364,6982.058,2479.9805714285717
2015-10-02,1269.266,2015.0,10.0,2.0,4.0,4.0,1158.414,1783.504,2406.518
2015-10-03,275.218,2015.0,10.0,3.0,5.0,4.0,1269.266,4220.594,1842.8928571428573
2015-10-04,505.58,2015.0,10.0,4.0,6.0,4.0,275.218,3033.757,1481.7247142857145
2015-10-05,851.092,2015.0,10.0,5.0,0.0,4.0,505.58,3722.273,1071.5560000000003
2015-10-08,222.12,2015.0,10.0,8.0,3.0,4.0,851.092,2382.958,762.8648571428574
2015-10-09,2133.5350000000003,2015.0,10.0,9.0,4.0,4.0,222.12,1058.364,916.4607142857146
2015-10-10,2248.194,2015.0,10.0,10.0,5.0,4.0,2133.5350000000003,1158.414,1072.1435714285717
2015-10-11,1011.8955,2015.0,10.0,11.0,6.0,4.0,2248.194,1269.266,1035.3763571428574
2015-10-12,2390.758,2015.0,10.0,12.0,0.0,4.0,1011.8955,275.218,1337.5963571428576
2015-10-13,371.65999999999997,2015.0,10.0,13.0,1.0,4.0,2390.758,505.58,1318.464928571429
2015-10-15,3219.554,2015.0,10.0,15.0,3.0,4.0,371.65999999999997,851.092,1656.8166428571433
2015-10-16,824.97,2015.0,10.0,16.0,4.0,4.0,3219.554,222.12,1742.938071428572
2015-10-17,77.88,2015.0,10.0,17.0,5.0,4.0,824.97,2133.5350000000003,1449.2730714285717
2015-10-18,378.494,2015.0,10.0,18.0,6.0,4.0,77.88,2248.194,1182.1730714285716
2015-10-19,2135.09,2015.0,10.0,19.0,0.0,4.0,378.494,1011.8955,1342.629428571429
2015-10-20,720.086,2015.0,10.0,20.0,1.0,4.0,2135.09,2390.758,1103.9620000000002
2015-10-22,15.128,2015.0,10.0,22.0,3.0,4.0,720.086,371.65999999999997,1053.0288571428575
2015-10-23,2262.296,2015.0,10.0,23.0,4.0,4.0,15.128,3219.554,916.2777142857146
2015-10-24,831.145,2015.0,10.0,24.0,5.0,4.0,2262.296,824.97,917.1598571428575
2015-10-25,1425.412,2015.0,10.0,25.0,6.0,4.0,831.145,77.88,1109.6644285714287
2015-10-26,1395.333,2015.0,10.0,26.0,0.0,4.0,1425.412,378.494,1254.927142857143
2015-10-28,104.51,2015.0,10.0,28.0,2.0,4.0,1395.333,2135.09,964.844285714286
2015-10-29,244.24,2015.0,10.0,29.0,3.0,4.0,104.51,720.086,896.866285714286
2015-10-30,2122.044,2015.0,10.0,30.0,4.0,4.0,244.24,15.128,1197.8542857142859
2015-10-31,3211.009,2015.0,10.0,31.0,5.0,4.0,2122.044,2262.296,1333.3847142857146
2015-11-01,3106.1059999999998,2015.0,11.0,1.0,6.0,4.0,3211.009,831.145,1658.3791428571433
2015-11-02,5528.551,2015.0,11.0,2.0,0.0,4.0,3106.1059999999998,1425.412,2244.541857142857
2015-11-03,2800.846,2015.0,11.0,3.0,1.0,4.0,5528.551,1395.333,2445.329428571429
2015-11-05,834.874,2015.0,11.0,5.0,3.0,4.0,2800.846,104.51,2549.667142857143
2015-11-06,11.481,2015.0,11.0,6.0,4.0,4.0,834.874,244.24,2516.4158571428575
2015-11-07,3073.073,2015.0,11.0,7.0,5.0,4.0,11.481,2122.044,2652.277142857143
2015-11-08,12196.997,2015.0,11.0,8.0,6.0,4.0,3073.073,3211.009,3935.9897142857144
2015-11-09,4620.2919999999995,2015.0,11.0,9.0,0.0,4.0,12196.997,3106.1059999999998,4152.302000000001
2015-11-10,3536.904,2015.0,11.0,10.0,1.0,4.0,4620.2919999999995,5528.551,3867.781
2015-11-11,542.178,2015.0,11.0,11.0,2.0,4.0,3536.904,2800.846,3545.1141428571427
2015-11-12,1127.992,2015.0,11.0,12.0,3.0,4.0,542.178,834.874,3586.988142857143
2015-11-13,3591.0771999999997,2015.0,11.0,13.0,4.0,4.0,1127.992,11.481,4098.359028571429
2015-11-14,2512.71,2015.0,11.0,14.0,5.0,4.0,3591.0771999999997,3073.073,4018.3071714285716
2015-11-15,702.17,2015.0,11.0,15.0,6.0,4.0,2512.71,12196.997,2376.189028571429
2015-11-16,4072.334,2015.0,11.0,16.0,0.0,4.0,702.17,4620.2919999999995,2297.9093142857146
2015-11-17,3885.986,2015.0,11.0,17.0,1.0,4.0,4072.334,3536.904,2347.7781714285716
2015-11-19,1040.784,2015.0,11.0,19.0,3.0,4.0,3885.986,542.178,2419.0076000000004
2015-11-20,2861.15,2015.0,11.0,20.0,4.0,4.0,1040.784,1127.992,2666.6016000000004
2015-11-21,3613.5748,2015.0,11.0,21.0,5.0,4.0,2861.15,3591.0771999999997,2669.815542857143
2015-11-22,614.499,2015.0,11.0,22.0,6.0,4.0,3613.5748,2512.71,2398.642542857143
2015-11-23,3450.1879999999996,2015.0,11.0,23.0,0.0,4.0,614.499,702.17,2791.216542857143
2015-11-24,1218.7640000000001,2015.0,11.0,24.0,1.0,4.0,3450.1879999999996,4072.334,2383.563685714286
2015-11-25,13.12,2015.0,11.0,25.0,2.0,4.0,1218.7640000000001,3885.986,1830.2971142857148
2015-11-26,1484.0819999999999,2015.0,11.0,26.0,3.0,4.0,13.12,1040.784,1893.6254000000004
2015-11-27,3109.7835,2015.0,11.0,27.0,4.0,4.0,1484.0819999999999,2861.15,1929.1444714285717
2015-11-28,1864.482,2015.0,11.0,28.0,5.0,4.0,3109.7835,3613.5748,1679.274071428572
2015-11-29,2760.168,2015.0,11.0,29.0,6.0,4.0,1864.482,614.499,1985.7982142857145
2015-11-30,1798.3970000000002,2015.0,11.0,30.0,0.0,4.0,2760.168,3450.1879999999996,1749.8280714285718
2015-12-01,7130.594,2015.0,12.0,1.0,1.0,4.0,1798.3970000000002,1218.7640000000001,2594.3752142857147
2015-12-03,1972.645,2015.0,12.0,3.0,3.0,4.0,7130.594,13.12,2874.3073571428577
2015-12-04,5185.814,2015.0,12.0,4.0,4.0,4.0,1972.645,1484.0819999999999,3403.126214285715
2015-12-05,897.322,2015.0,12.0,5.0,5.0,4.0,5185.814,3109.7835,3087.0602857142862
2015-12-06,6061.502,2015.0,12.0,6.0,6.0,4.0,897.322,1864.482,3686.6345714285717
2015-12-07,1338.298,2015.0,12.0,7.0,0.0,4.0,6061.502,2760.168,3483.510285714286
2015-12-08,2672.728,2015.0,12.0,8.0,1.0,4.0,1338.298,1798.3970000000002,3608.4147142857146
2015-12-09,34.02,2015.0,12.0,9.0,2.0,4.0,2672.728,7130.594,2594.618428571429
2015-12-10,3080.38,2015.0,12.0,10.0,3.0,4.0,34.02,1972.645,2752.866285714286
2015-12-11,1590.894,2015.0,12.0,11.0,4.0,4.0,3080.38,5185.814,2239.306285714286
2015-12-12,1448.854,2015.0,12.0,12.0,5.0,4.0,1590.894,897.322,2318.0965714285717
2015-12-13,1023.386,2015.0,12.0,13.0,6.0,4.0,1448.854,6061.502,1598.3657142857144
2015-12-14,858.304,2015.0,12.0,14.0,0.0,4.0,1023.386,1338.298,1529.795142857143
2015-12-15,5494.796,2015.0,12.0,15.0,1.0,4.0,858.304,2672.728,1932.9477142857145
2015-12-16,4.98,2015.0,12.0,16.0,2.0,4.0,5494.796,34.02,1928.799142857143
2015-12-17,1918.492,2015.0,12.0,17.0,3.0,4.0,4.98,3080.38,1762.8151428571432
2015-12-18,935.288,2015.0,12.0,18.0,4.0,4.0,1918.492,1590.894,1669.157142857143
2015-12-19,6120.656,2015.0,12.0,19.0,5.0,4.0,935.288,1448.854,2336.5574285714288
2015-12-20,1107.464,2015.0,12.0,20.0,6.0,4.0,6120.656,1023.386,2348.568571428572
2015-12-21,3257.7599999999998,2015.0,12.0,21.0,0.0,4.0,1107.464,858.304,2691.3480000000004
2015-12-22,473.313,2015.0,12.0,22.0,1.0,4.0,3257.7599999999998,5494.796,1973.993285714286
2015-12-23,194.32,2015.0,12.0,23.0,2.0,4.0,473.313,4.98,2001.0418571428575
2015-12-24,7484.566000000001,2015.0,12.0,24.0,3.0,4.0,194.32,1918.492,2796.195285714286
2015-12-25,4204.968,2015.0,12.0,25.0,4.0,4.0,7484.566000000001,935.288,3263.292428571429
2015-12-26,561.486,2015.0,12.0,26.0,5.0,4.0,4204.968,6120.656,2469.1252857142863
2015-12-27,5148.4472,2015.0,12.0,27.0,6.0,4.0,561.486,1107.464,3046.4086
2015-12-28,79.2,2015.0,12.0,28.0,0.0,4.0,5148.4472,3257.7599999999998,2592.3286000000003
2015-12-29,6.36,2015.0,12.0,29.0,1.0,4.0,79.2,473.313,2525.621028571429
2015-12-30,3251.34,2015.0,12.0,30.0,2.0,4.0,6.36,194.32,2962.338171428572
2015-12-31,1381.344,2015.0,12.0,31.0,3.0,4.0,3251.34,7484.566000000001,2090.4493142857145
2016-01-02,405.91999999999996,2016.0,1.0,2.0,5.0,1.0,1381.344,4204.968,1547.7281714285716
2016-01-03,2095.83,2016.0,1.0,3.0,6.0,1.0,405.91999999999996,561.486,1766.9201714285716
2016-01-04,1069.22,2016.0,1.0,4.0,0.0,1.0,2095.83,5148.4472,1184.1734285714288
2016-01-05,255.904,2016.0,1.0,5.0,1.0,1.0,1069.22,79.2,1209.4168571428575
2016-01-07,83.576,2016.0,1.0,7.0,3.0,1.0,255.904,6.36,1220.4477142857145
2016-01-08,1859.1580000000001,2016.0,1.0,8.0,4.0,1.0,83.576,3251.34,1021.5645714285719
2016-01-09,743.0459999999999,2016.0,1.0,9.0,5.0,1.0,1859.1580000000001,1381.344,930.379142857143
2016-01-10,174.75,2016.0,1.0,10.0,6.0,1.0,743.0459999999999,405.91999999999996,897.3548571428574
2016-01-11,149.444,2016.0,1.0,11.0,0.0,1.0,174.75,2095.83,619.2997142857147
2016-01-14,405.344,2016.0,1.0,14.0,3.0,1.0,149.444,1069.22,524.460285714286
2016-01-15,701.923,2016.0,1.0,15.0,4.0,1.0,405.344,255.904,588.177285714286
2016-01-16,102.21799999999999,2016.0,1.0,16.0,5.0,1.0,701.923,83.576,590.8404285714289
2016-01-17,1040.55,2016.0,1.0,17.0,6.0,1.0,102.21799999999999,1859.1580000000001,473.89642857142877
2016-01-21,1167.056,2016.0,1.0,21.0,3.0,1.0,1040.55,743.0459999999999,534.469285714286
2016-01-22,917.63,2016.0,1.0,22.0,4.0,1.0,1167.056,174.75,640.5950000000003
2016-01-23,1732.3,2016.0,1.0,23.0,5.0,1.0,917.63,149.444,866.7172857142859
2016-01-24,31.36,2016.0,1.0,24.0,6.0,1.0,1732.3,405.344,813.2910000000002
2016-01-25,858.712,2016.0,1.0,25.0,0.0,1.0,31.36,701.923,835.6894285714288
2016-01-28,39.68,2016.0,1.0,28.0,3.0,1.0,858.712,102.21799999999999,826.7554285714289
2016-01-30,3107.316,2016.0,1.0,30.0,5.0,1.0,39.68,1040.55,1122.0077142857147
2016-01-31,1601.5539999999999,2016.0,1.0,31.0,6.0,1.0,3107.316,1167.056,1184.0788571428573
2016-02-01,161.97,2016.0,2.0,1.0,0.0,1.0,1601.5539999999999,917.63,1076.1274285714287
2016-02-02,8996.784,2016.0,2.0,2.0,1.0,1.0,161.97,1732.3,2113.9108571428574
2016-02-03,866.4,2016.0,2.0,3.0,2.0,1.0,8996.784,31.36,2233.2022857142856
2016-02-04,197.868,2016.0,2.0,4.0,3.0,1.0,866.4,858.712,2138.796
2016-02-05,2994.476,2016.0,2.0,5.0,4.0,1.0,197.868,39.68,2560.909714285714
2016-02-06,132.224,2016.0,2.0,6.0,5.0,1.0,2994.476,3107.316,2135.896571428572
2016-02-07,762.142,2016.0,2.0,7.0,6.0,1.0,132.224,1601.5539999999999,2015.9805714285717
2016-02-08,1369.476,2016.0,2.0,8.0,0.0,1.0,762.142,161.97,2188.4814285714288
2016-02-09,121.83,2016.0,2.0,9.0,1.0,1.0,1369.476,8996.784,920.6308571428574
2016-02-11,69.93,2016.0,2.0,11.0,3.0,1.0,121.83,866.4,806.8494285714289
2016-02-12,1366.04,2016.0,2.0,12.0,4.0,1.0,69.93,197.868,973.7311428571431
2016-02-13,146.82,2016.0,2.0,13.0,5.0,1.0,1366.04,2994.476,566.9231428571431
2016-02-14,837.921,2016.0,2.0,14.0,6.0,1.0,146.82,132.224,667.7370000000002
2016-02-15,407.072,2016.0,2.0,15.0,0.0,1.0,837.921,762.142,617.0127142857145
2016-02-16,1135.638,2016.0,2.0,16.0,1.0,1.0,407.072,1369.476,583.6072857142859
2016-02-19,392.65999999999997,2016.0,2.0,19.0,4.0,1.0,1135.638,121.83,622.297285714286
2016-02-20,16.496,2016.0,2.0,20.0,5.0,1.0,392.65999999999997,69.93,614.6638571428574
2016-02-21,1524.126,2016.0,2.0,21.0,6.0,1.0,16.496,1366.04,637.2475714285716
2016-02-22,983.17,2016.0,2.0,22.0,0.0,1.0,1524.126,146.82,756.726142857143
2016-02-23,57.576,2016.0,2.0,23.0,1.0,1.0,983.17,837.921,645.2482857142859
2016-02-25,46.72,2016.0,2.0,25.0,3.0,1.0,57.576,407.072,593.7694285714288
2016-02-27,243.892,2016.0,2.0,27.0,5.0,1.0,46.72,1135.638,466.3771428571431
2016-02-28,36.48,2016.0,2.0,28.0,6.0,1.0,243.892,392.65999999999997,415.494285714286
2016-02-29,111.104,2016.0,2.0,29.0,0.0,1.0,36.48,16.496,429.0097142857145
2016-03-01,6285.8060000000005,2016.0,3.0,1.0,1.0,1.0,111.104,1524.126,1109.2497142857146
2016-03-03,7264.422,2016.0,3.0,3.0,3.0,1.0,6285.8060000000005,983.17,2006.571428571429
2016-03-04,315.45,2016.0,3.0,4.0,4.0,1.0,7264.422,57.576,2043.410571428572
2016-03-05,162.344,2016.0,3.0,5.0,5.0,1.0,315.45,46.72,2059.9282857142857
2016-03-06,811.303,2016.0,3.0,6.0,6.0,1.0,162.344,243.892,2140.987
2016-03-07,21.072,2016.0,3.0,7.0,0.0,1.0,811.303,36.48,2138.7858571428574
2016-03-08,2190.81,2016.0,3.0,8.0,1.0,1.0,21.072,111.104,2435.886714285715
2016-03-09,635.6,2016.0,3.0,9.0,2.0,1.0,2190.81,6285.8060000000005,1628.714428571429
2016-03-10,7879.734,2016.0,3.0,10.0,3.0,1.0,635.6,7264.422,1716.6161428571431
2016-03-11,896.0219999999999,2016.0,3.0,11.0,4.0,1.0,7879.734,315.45,1799.5550000000003
2016-03-12,1694.6419999999998,2016.0,3.0,12.0,5.0,1.0,896.0219999999999,162.344,2018.4547142857143
2016-03-13,8866.882,2016.0,3.0,13.0,6.0,1.0,1694.6419999999998,811.303,3169.2517142857146
2016-03-14,669.3679999999999,2016.0,3.0,14.0,0.0,1.0,8866.882,21.072,3261.8654285714288
2016-03-15,2356.808,2016.0,3.0,15.0,1.0,1.0,669.3679999999999,2190.81,3285.5794285714287
2016-03-17,2360.3340000000003,2016.0,3.0,17.0,3.0,1.0,2356.808,635.6,3531.9700000000003
2016-03-18,1061.682,2016.0,3.0,18.0,4.0,1.0,2360.3340000000003,7879.734,2557.9625714285717
2016-03-19,138.68,2016.0,3.0,19.0,5.0,1.0,1061.682,896.0219999999999,2449.770857142857
2016-03-20,928.311,2016.0,3.0,20.0,6.0,1.0,138.68,1694.6419999999998,2340.2950000000005
2016-03-21,645.7059999999999,2016.0,3.0,21.0,0.0,1.0,928.311,8866.882,1165.8412857142862
2016-03-22,226.46800000000002,2016.0,3.0,22.0,1.0,1.0,645.7059999999999,669.3679999999999,1102.5698571428577
2016-03-24,745.774,2016.0,3.0,24.0,3.0,1.0,226.46800000000002,2356.808,872.4221428571435
2016-03-25,1346.97,2016.0,3.0,25.0,4.0,1.0,745.774,2360.3340000000003,727.6558571428577
2016-03-26,682.246,2016.0,3.0,26.0,5.0,1.0,1346.97,1061.682,673.4507142857148
2016-03-27,92.69999999999999,2016.0,3.0,27.0,6.0,1.0,682.246,138.68,666.8821428571434
2016-03-28,125.30000000000001,2016.0,3.0,28.0,0.0,1.0,92.69999999999999,928.311,552.1662857142862
2016-03-29,2659.339,2016.0,3.0,29.0,1.0,1.0,125.30000000000001,645.7059999999999,839.8281428571435
2016-03-30,11.34,2016.0,3.0,30.0,2.0,1.0,2659.339,226.46800000000002,809.0955714285719
2016-03-31,640.762,2016.0,3.0,31.0,3.0,1.0,11.34,745.774,794.0938571428577
2016-04-01,2161.48,2016.0,4.0,1.0,4.0,2.0,640.762,1346.97,910.452428571429
2016-04-02,1454.9,2016.0,4.0,2.0,5.0,2.0,2161.48,682.246,1020.8315714285719
2016-04-03,441.198,2016.0,4.0,3.0,6.0,2.0,1454.9,92.69999999999999,1070.6170000000004
2016-04-04,970.194,2016.0,4.0,4.0,0.0,2.0,441.198,125.30000000000001,1191.3161428571434
2016-04-05,1046.3339999999998,2016.0,4.0,5.0,1.0,2.0,970.194,2659.339,960.8868571428577
2016-04-06,1294.75,2016.0,4.0,6.0,2.0,2.0,1046.3339999999998,11.34,1144.2311428571434
2016-04-07,1970.574,2016.0,4.0,7.0,3.0,2.0,1294.75,640.762,1334.2042857142862
2016-04-08,2906.404,2016.0,4.0,8.0,4.0,2.0,1970.574,2161.48,1440.6220000000005
2016-04-09,1115.197,2016.0,4.0,9.0,5.0,2.0,2906.404,1454.9,1392.0930000000005
2016-04-10,950.594,2016.0,4.0,10.0,6.0,2.0,1115.197,441.198,1464.8638571428578
2016-04-12,1542.53,2016.0,4.0,12.0,1.0,2.0,950.594,970.194,1546.6261428571433
2016-04-13,6.12,2016.0,4.0,13.0,2.0,2.0,1542.53,1046.3339999999998,1398.0241428571433
2016-04-14,1466.572,2016.0,4.0,14.0,3.0,2.0,6.12,1294.75,1422.5701428571433
2016-04-15,2201.8559999999998,2016.0,4.0,15.0,4.0,2.0,1466.572,1970.574,1455.6104285714289
2016-04-16,9335.086000000001,2016.0,4.0,16.0,5.0,2.0,2201.8559999999998,2906.404,2373.9935714285716
2016-04-17,421.08500000000004,2016.0,4.0,17.0,6.0,2.0,9335.086000000001,1115.197,2274.834714285715
2016-04-18,2514.538,2016.0,4.0,18.0,0.0,2.0,421.08500000000004,950.594,2498.2552857142864
2016-04-19,1414.132,2016.0,4.0,19.0,1.0,2.0,2514.538,1542.53,2479.9127142857146
2016-04-21,271.616,2016.0,4.0,21.0,3.0,2.0,1414.132,6.12,2517.840714285715
2016-04-22,1765.4650000000001,2016.0,4.0,22.0,4.0,2.0,271.616,1466.572,2560.539714285715
2016-04-23,720.368,2016.0,4.0,23.0,5.0,2.0,1765.4650000000001,2201.8559999999998,2348.8985714285723
2016-04-24,1607.1,2016.0,4.0,24.0,6.0,2.0,720.368,9335.086000000001,1244.900571428572
2016-04-25,108.42,2016.0,4.0,25.0,0.0,2.0,1607.1,421.08500000000004,1200.2341428571435
2016-04-26,434.646,2016.0,4.0,26.0,1.0,2.0,108.42,2514.538,903.1067142857148
2016-04-28,486.672,2016.0,4.0,28.0,3.0,2.0,434.646,1414.132,770.6124285714292
2016-04-30,142.208,2016.0,4.0,30.0,5.0,2.0,486.672,271.616,752.1255714285719
2016-05-01,517.866,2016.0,5.0,1.0,6.0,2.0,142.208,1765.4650000000001,573.8971428571433
2016-05-02,1098.136,2016.0,5.0,2.0,0.0,2.0,517.866,720.368,627.8640000000005
2016-05-03,1099.013,2016.0,5.0,3.0,1.0,2.0,1098.136,1607.1,555.2801428571433
2016-05-05,2701.28,2016.0,5.0,5.0,3.0,2.0,1099.013,108.42,925.6887142857148
2016-05-06,236.96,2016.0,5.0,6.0,4.0,2.0,2701.28,434.646,897.4478571428577
2016-05-07,4835.976,2016.0,5.0,7.0,5.0,2.0,236.96,486.672,1518.7770000000003
2016-05-08,1340.2440000000001,2016.0,5.0,8.0,6.0,2.0,4835.976,142.208,1689.9250000000004
2016-05-09,1283.512,2016.0,5.0,9.0,0.0,2.0,1340.2440000000001,517.866,1799.3030000000003
2016-05-10,763.0200000000001,2016.0,5.0,10.0,1.0,2.0,1283.512,1098.136,1751.4292857142864
2016-05-11,5.98,2016.0,5.0,11.0,2.0,2.0,763.0200000000001,1099.013,1595.2817142857148
2016-05-12,918.878,2016.0,5.0,12.0,3.0,2.0,5.98,2701.28,1340.6528571428576
2016-05-14,455.93,2016.0,5.0,14.0,5.0,2.0,918.878,236.96,1371.934285714286
2016-05-15,648.9119999999999,2016.0,5.0,15.0,6.0,2.0,455.93,4835.976,773.7822857142863
2016-05-16,880.4599999999999,2016.0,5.0,16.0,0.0,2.0,648.9119999999999,1340.2440000000001,708.0988571428577
2016-05-17,346.922,2016.0,5.0,17.0,1.0,2.0,880.4599999999999,1283.512,574.3002857142862
2016-05-18,122.22,2016.0,5.0,18.0,2.0,2.0,346.922,763.0200000000001,482.75742857142905
2016-05-19,1582.008,2016.0,5.0,19.0,3.0,2.0,122.22,5.98,707.9042857142862
2016-05-20,2471.913,2016.0,5.0,20.0,4.0,2.0,1582.008,918.878,929.7664285714291
2016-05-21,2718.2140000000004,2016.0,5.0,21.0,5.0,2.0,2471.913,455.93,1252.9498571428576
2016-05-22,1799.2,2016.0,5.0,22.0,6.0,2.0,2718.2140000000004,648.9119999999999,1417.276714285715
2016-05-23,10560.978000000001,2016.0,5.0,23.0,0.0,2.0,1799.2,880.4599999999999,2800.207857142858
2016-05-24,277.756,2016.0,5.0,24.0,1.0,2.0,10560.978000000001,346.922,2790.327000000001
2016-05-25,1311.97,2016.0,5.0,25.0,2.0,2.0,277.756,122.22,2960.2912857142865
2016-05-26,1975.356,2016.0,5.0,26.0,3.0,2.0,1311.97,1582.008,3016.4838571428577
2016-05-27,5305.078,2016.0,5.0,27.0,4.0,2.0,1975.356,2471.913,3421.221714285715
2016-05-28,2137.324,2016.0,5.0,28.0,5.0,2.0,5305.078,2718.2140000000004,3338.237428571429
2016-05-29,1063.185,2016.0,5.0,29.0,6.0,2.0,2137.324,1799.2,3233.0924285714295
2016-05-30,8090.578,2016.0,5.0,30.0,0.0,2.0,1063.185,10560.978000000001,2880.1781428571435
2016-05-31,438.85900000000004,2016.0,5.0,31.0,1.0,2.0,8090.578,277.756,2903.1928571428575
2016-06-02,157.844,2016.0,6.0,2.0,3.0,2.0,438.85900000000004,1311.97,2738.3177142857153
2016-06-03,71.088,2016.0,6.0,3.0,4.0,2.0,157.844,1975.356,2466.2794285714294
2016-06-04,2316.5229999999997,2016.0,6.0,4.0,5.0,2.0,71.088,5305.078,2039.3430000000008
2016-06-05,659.82,2016.0,6.0,5.0,6.0,2.0,2316.5229999999997,2137.324,1828.2710000000006
2016-06-06,6026.312,2016.0,6.0,6.0,0.0,2.0,659.82,1063.185,2537.2891428571434
2016-06-07,51.562,2016.0,6.0,7.0,1.0,2.0,6026.312,8090.578,1388.8582857142862
2016-06-09,1688.4720000000002,2016.0,6.0,9.0,3.0,2.0,51.562,438.85900000000004,1567.374428571429
2016-06-10,1412.3960000000002,2016.0,6.0,10.0,4.0,2.0,1688.4720000000002,157.844,1746.5961428571434
2016-06-11,1623.416,2016.0,6.0,11.0,5.0,2.0,1412.3960000000002,71.088,1968.3572857142863
2016-06-12,2962.563,2016.0,6.0,12.0,6.0,2.0,1623.416,2316.5229999999997,2060.648714285715
2016-06-13,430.43800000000005,2016.0,6.0,13.0,0.0,2.0,2962.563,659.82,2027.8798571428576
2016-06-14,3457.099,2016.0,6.0,14.0,1.0,2.0,430.43800000000005,6026.312,1660.8494285714291
2016-06-15,173.488,2016.0,6.0,15.0,2.0,2.0,3457.099,51.562,1678.2674285714293
2016-06-16,147.27499999999998,2016.0,6.0,16.0,3.0,2.0,173.488,1688.4720000000002,1458.0964285714292
2016-06-17,3000.92,2016.0,6.0,17.0,4.0,2.0,147.27499999999998,1412.3960000000002,1685.0284285714292
2016-06-18,541.938,2016.0,6.0,18.0,5.0,2.0,3000.92,1623.416,1530.531571428572
2016-06-19,17.12,2016.0,6.0,19.0,6.0,2.0,541.938,2962.563,1109.7540000000006
2016-06-20,1229.548,2016.0,6.0,20.0,0.0,2.0,17.12,430.43800000000005,1223.9125714285722
2016-06-21,577.108,2016.0,6.0,21.0,1.0,2.0,1229.548,3457.099,812.4852857142862
2016-06-23,2475.094,2016.0,6.0,23.0,3.0,2.0,577.108,173.488,1141.2861428571434
2016-06-24,5310.952,2016.0,6.0,24.0,4.0,2.0,2475.094,147.27499999999998,1878.9542857142862
2016-06-25,893.266,2016.0,6.0,25.0,5.0,2.0,5310.952,3000.92,1577.8608571428576
2016-06-26,1919.6000000000001,2016.0,6.0,26.0,6.0,2.0,893.266,541.938,1774.669714285715
2016-06-27,778.7059999999999,2016.0,6.0,27.0,0.0,2.0,1919.6000000000001,17.12,1883.467714285715
2016-06-28,877.156,2016.0,6.0,28.0,1.0,2.0,778.7059999999999,1229.548,1833.1260000000004
2016-06-29,191.88,2016.0,6.0,29.0,2.0,2.0,877.156,577.108,1778.093428571429
2016-06-30,1352.9499999999998,2016.0,6.0,30.0,3.0,2.0,191.88,2475.094,1617.7871428571434
2016-07-01,1724.376,2016.0,7.0,1.0,4.0,3.0,1352.9499999999998,5310.952,1105.4191428571432
2016-07-02,772.786,2016.0,7.0,2.0,5.0,3.0,1724.376,893.266,1088.2077142857147
2016-07-03,847.6999999999999,2016.0,7.0,3.0,6.0,3.0,772.786,1919.6000000000001,935.0791428571432
2016-07-04,1651.301,2016.0,7.0,4.0,0.0,3.0,847.6999999999999,778.7059999999999,1059.7355714285718
2016-07-07,3882.2309999999998,2016.0,7.0,7.0,3.0,3.0,1651.301,877.156,1489.0320000000004
2016-07-08,2616.512,2016.0,7.0,8.0,4.0,3.0,3882.2309999999998,191.88,1835.4080000000006
2016-07-09,573.286,2016.0,7.0,9.0,5.0,3.0,2616.512,1352.9499999999998,1724.027428571429
2016-07-10,895.895,2016.0,7.0,10.0,6.0,3.0,573.286,1724.376,1605.6730000000005
2016-07-12,95.76,2016.0,7.0,12.0,1.0,3.0,895.895,772.786,1508.9550000000004
2016-07-14,2149.96,2016.0,7.0,14.0,3.0,3.0,95.76,847.6999999999999,1694.9921428571433
2016-07-15,380.2,2016.0,7.0,15.0,4.0,3.0,2149.96,1651.301,1513.4062857142865
2016-07-16,910.17,2016.0,7.0,16.0,5.0,3.0,380.2,3882.2309999999998,1088.8261428571434
2016-07-17,2184.88,2016.0,7.0,17.0,6.0,3.0,910.17,2616.512,1027.164428571429
2016-07-18,2891.858,2016.0,7.0,18.0,0.0,3.0,2184.88,573.286,1358.3890000000006
2016-07-19,1536.454,2016.0,7.0,19.0,1.0,3.0,2891.858,895.895,1449.897428571429
2016-07-20,89.95,2016.0,7.0,20.0,2.0,3.0,1536.454,95.76,1449.067428571429
2016-07-21,991.095,2016.0,7.0,21.0,3.0,3.0,89.95,2149.96,1283.5152857142862
2016-07-22,1368.048,2016.0,7.0,22.0,4.0,3.0,991.095,380.2,1424.6364285714292
2016-07-23,654.587,2016.0,7.0,23.0,5.0,3.0,1368.048,910.17,1388.124571428572
2016-07-24,326.964,2016.0,7.0,24.0,6.0,3.0,654.587,2184.88,1122.7080000000008
2016-07-25,5920.488,2016.0,7.0,25.0,0.0,3.0,326.964,2891.858,1555.369428571429
2016-07-28,2033.374,2016.0,7.0,28.0,3.0,3.0,5920.488,1536.454,1626.3580000000006
2016-07-29,819.154,2016.0,7.0,29.0,4.0,3.0,2033.374,89.95,1730.5300000000007
2016-07-30,1770.7759999999998,2016.0,7.0,30.0,5.0,3.0,819.154,991.095,1841.9130000000005
2016-07-31,2174.1580000000004,2016.0,7.0,31.0,6.0,3.0,1770.7759999999998,1368.048,1957.0715714285723
2016-08-01,1124.648,2016.0,8.0,1.0,0.0,3.0,2174.1580000000004,654.587,2024.2231428571433
2016-08-02,482.584,2016.0,8.0,2.0,1.0,3.0,1124.648,326.964,2046.454571428572
2016-08-03,248.82,2016.0,8.0,3.0,2.0,3.0,482.584,5920.488,1236.2162857142862
2016-08-04,497.90999999999997,2016.0,8.0,4.0,3.0,3.0,248.82,2033.374,1016.8642857142862
2016-08-05,197.05,2016.0,8.0,5.0,4.0,3.0,497.90999999999997,819.154,927.9922857142863
2016-08-06,320.38800000000003,2016.0,8.0,6.0,5.0,3.0,197.05,1770.7759999999998,720.7940000000006
2016-08-07,179.97,2016.0,8.0,7.0,6.0,3.0,320.38800000000003,2174.1580000000004,435.9100000000005
2016-08-08,1115.204,2016.0,8.0,8.0,0.0,3.0,179.97,1124.648,434.5608571428576
2016-08-09,661.3539999999999,2016.0,8.0,9.0,1.0,3.0,1115.204,482.584,460.0994285714291
2016-08-11,151.82,2016.0,8.0,11.0,3.0,3.0,661.3539999999999,248.82,446.2422857142862
2016-08-12,3951.9605,2016.0,8.0,12.0,4.0,3.0,151.82,497.90999999999997,939.678071428572
2016-08-13,731.524,2016.0,8.0,13.0,5.0,3.0,3951.9605,197.05,1016.0315000000006
2016-08-14,923.688,2016.0,8.0,14.0,6.0,3.0,731.524,320.38800000000003,1102.2172142857148
2016-08-15,1680.2659999999998,2016.0,8.0,15.0,0.0,3.0,923.688,179.97,1316.5452142857146
2016-08-16,204.54000000000002,2016.0,8.0,16.0,1.0,3.0,1680.2659999999998,1115.204,1186.4503571428577
2016-08-17,15.712,2016.0,8.0,17.0,2.0,3.0,204.54000000000002,661.3539999999999,1094.215785714286
2016-08-18,496.114,2016.0,8.0,18.0,3.0,3.0,15.712,151.82,1143.4006428571433
2016-08-19,448.792,2016.0,8.0,19.0,4.0,3.0,496.114,3951.9605,642.9480000000004
2016-08-20,14.78,2016.0,8.0,20.0,5.0,3.0,448.792,731.524,540.5560000000005
2016-08-21,4798.2919999999995,2016.0,8.0,21.0,6.0,3.0,14.78,923.688,1094.0708571428574
2016-08-22,405.35,2016.0,8.0,22.0,0.0,3.0,4798.2919999999995,1680.2659999999998,911.9400000000005
2016-08-23,4187.348,2016.0,8.0,23.0,1.0,3.0,405.35,204.54000000000002,1480.9125714285717
2016-08-26,4874.298,2016.0,8.0,26.0,4.0,3.0,4187.348,15.712,2174.9962857142864
2016-08-27,767.9110000000001,2016.0,8.0,27.0,5.0,3.0,4874.298,496.114,2213.824428571429
2016-08-28,322.0248,2016.0,8.0,28.0,6.0,3.0,767.9110000000001,448.792,2195.714828571429
2016-08-29,632.188,2016.0,8.0,29.0,0.0,3.0,322.0248,14.78,2283.9159714285715
2016-08-30,1656.8700000000001,2016.0,8.0,30.0,1.0,3.0,632.188,4798.2919999999995,1835.1414000000007
2016-08-31,23.968,2016.0,8.0,31.0,2.0,3.0,1656.8700000000001,405.35,1780.6582571428578
2016-09-01,5766.152,2016.0,9.0,1.0,3.0,3.0,23.968,4187.348,2006.201685714286
2016-09-02,6792.193,2016.0,9.0,2.0,4.0,3.0,5766.152,4874.298,2280.1866857142863
2016-09-03,2365.596,2016.0,9.0,3.0,5.0,3.0,6792.193,767.9110000000001,2508.4274000000005
2016-09-04,4532.0419999999995,2016.0,9.0,4.0,6.0,3.0,2365.596,322.0248,3109.858428571429
2016-09-05,5226.348,2016.0,9.0,5.0,0.0,3.0,4532.0419999999995,632.188,3766.1670000000004
2016-09-06,1313.536,2016.0,9.0,6.0,1.0,3.0,5226.348,1656.8700000000001,3717.119285714286
2016-09-08,4493.9836000000005,2016.0,9.0,8.0,3.0,3.0,1313.536,23.968,4355.692942857143
2016-09-09,84.992,2016.0,9.0,9.0,4.0,3.0,4493.9836000000005,5766.152,3544.098657142858
2016-09-10,2094.324,2016.0,9.0,10.0,5.0,3.0,84.992,6792.193,2872.9745142857146
2016-09-11,6501.586,2016.0,9.0,11.0,6.0,3.0,2094.324,2365.596,3463.8302285714294
2016-09-12,2043.792,2016.0,9.0,12.0,0.0,3.0,6501.586,4532.0419999999995,3108.365942857144
2016-09-13,2374.73,2016.0,9.0,13.0,1.0,3.0,2043.792,5226.348,2700.991942857144
2016-09-14,1137.338,2016.0,9.0,14.0,2.0,3.0,2374.73,1313.536,2675.820800000001
2016-09-15,2101.1820000000002,2016.0,9.0,15.0,3.0,3.0,1137.338,4493.9836000000005,2333.992000000001
2016-09-16,425.88599999999997,2016.0,9.0,16.0,4.0,3.0,2101.1820000000002,84.992,2382.691142857144
2016-09-17,2043.126,2016.0,9.0,17.0,5.0,3.0,425.88599999999997,2094.324,2375.377142857144
2016-09-18,4751.082,2016.0,9.0,18.0,6.0,3.0,2043.126,6501.586,2125.3051428571434
2016-09-19,3839.312,2016.0,9.0,19.0,0.0,3.0,4751.082,2043.792,2381.8080000000004
2016-09-20,1232.004,2016.0,9.0,20.0,1.0,3.0,3839.312,2374.73,2218.561428571429
2016-09-22,615.57,2016.0,9.0,22.0,3.0,3.0,1232.004,1137.338,2144.0231428571433
2016-09-23,1322.145,2016.0,9.0,23.0,4.0,3.0,615.57,2101.1820000000002,2032.7321428571433
2016-09-24,2286.05,2016.0,9.0,24.0,5.0,3.0,1322.145,425.88599999999997,2298.4698571428576
2016-09-25,3443.091,2016.0,9.0,25.0,6.0,3.0,2286.05,2043.126,2498.464857142858
2016-09-26,2698.1665,2016.0,9.0,26.0,0.0,3.0,3443.091,4751.082,2205.191214285715
2016-09-27,1992.9858,2016.0,9.0,27.0,1.0,3.0,2698.1665,3839.312,1941.430328571429
2016-09-28,99.136,2016.0,9.0,28.0,2.0,3.0,1992.9858,1232.004,1779.5920428571437
2016-09-29,1307.792,2016.0,9.0,29.0,3.0,3.0,99.136,615.57,1878.4809000000005
2016-09-30,525.884,2016.0,9.0,30.0,4.0,3.0,1307.792,1322.145,1764.7293285714293
2016-10-01,781.414,2016.0,10.0,1.0,5.0,4.0,525.884,2286.05,1549.781328571429
2016-10-02,18452.972,2016.0,10.0,2.0,6.0,4.0,781.414,3443.091,3694.0500428571436
2016-10-03,1680.696,2016.0,10.0,3.0,0.0,4.0,18452.972,2698.1665,3548.697114285715
2016-10-04,5912.782,2016.0,10.0,4.0,1.0,4.0,1680.696,1992.9858,4108.668000000001
2016-10-06,830.4000000000001,2016.0,10.0,6.0,3.0,4.0,5912.782,99.136,4213.134285714286
2016-10-07,973.712,2016.0,10.0,7.0,4.0,4.0,830.4000000000001,1307.792,4165.408571428573
2016-10-08,561.5360000000001,2016.0,10.0,8.0,5.0,4.0,973.712,525.884,4170.501714285715
2016-10-09,546.92,2016.0,10.0,9.0,6.0,4.0,561.5360000000001,781.414,4137.002571428572
2016-10-10,282.75300000000004,2016.0,10.0,10.0,0.0,4.0,546.92,18452.972,1541.2570000000007
2016-10-11,33.064,2016.0,10.0,11.0,1.0,4.0,282.75300000000004,1680.696,1305.8810000000005
2016-10-13,1650.618,2016.0,10.0,13.0,3.0,4.0,33.064,5912.782,697.0004285714292
2016-10-14,3335.888,2016.0,10.0,14.0,4.0,4.0,1650.618,830.4000000000001,1054.9272857142862
2016-10-15,1620.15,2016.0,10.0,15.0,5.0,4.0,3335.888,973.712,1147.275571428572
2016-10-16,142.182,2016.0,10.0,16.0,6.0,4.0,1620.15,561.5360000000001,1087.3678571428577
2016-10-17,2953.346,2016.0,10.0,17.0,0.0,4.0,142.182,546.92,1431.1430000000005
2016-10-18,307.92,2016.0,10.0,18.0,1.0,4.0,2953.346,282.75300000000004,1434.7382857142861
2016-10-20,946.174,2016.0,10.0,20.0,3.0,4.0,307.92,33.064,1565.1825714285717
2016-10-21,7951.592,2016.0,10.0,21.0,4.0,4.0,946.174,1650.618,2465.3217142857147
2016-10-22,188.28,2016.0,10.0,22.0,5.0,4.0,7951.592,3335.888,2015.6634285714292
2016-10-23,467.42199999999997,2016.0,10.0,23.0,6.0,4.0,188.28,1620.15,1850.9880000000005
2016-10-24,1365.498,2016.0,10.0,24.0,0.0,4.0,467.42199999999997,142.182,2025.747428571429
2016-10-25,783.96,2016.0,10.0,25.0,1.0,4.0,1365.498,2953.346,1715.8351428571434
2016-10-27,978.7900000000001,2016.0,10.0,27.0,3.0,4.0,783.96,307.92,1811.6737142857148
2016-10-28,2899.0209999999997,2016.0,10.0,28.0,4.0,4.0,978.7900000000001,946.174,2090.651857142858
2016-10-29,131.154,2016.0,10.0,29.0,5.0,4.0,2899.0209999999997,7951.592,973.4464285714291
2016-10-30,159.002,2016.0,10.0,30.0,6.0,4.0,131.154,188.28,969.2638571428578
2016-10-31,3750.4990000000003,2016.0,10.0,31.0,0.0,4.0,159.002,467.42199999999997,1438.2748571428576
2016-11-01,453.374,2016.0,11.0,1.0,1.0,4.0,3750.4990000000003,1365.498,1307.9714285714292
2016-11-03,3802.7960000000003,2016.0,11.0,3.0,3.0,4.0,453.374,783.96,1739.2337142857145
2016-11-04,3888.8179999999998,2016.0,11.0,4.0,4.0,4.0,3802.7960000000003,978.7900000000001,2154.9520000000007
2016-11-05,4266.8988,2016.0,11.0,5.0,5.0,4.0,3888.8179999999998,2899.0209999999997,2350.363114285715
2016-11-06,773.2560000000001,2016.0,11.0,6.0,6.0,4.0,4266.8988,131.154,2442.0919714285724
2016-11-07,3810.464,2016.0,11.0,7.0,0.0,4.0,773.2560000000001,159.002,2963.7294000000006
2016-11-08,993.9000000000001,2016.0,11.0,8.0,1.0,4.0,3810.464,3750.4990000000003,2569.929542857143
2016-11-09,479.97,2016.0,11.0,9.0,2.0,4.0,993.9000000000001,453.374,2573.728971428572
2016-11-10,4723.478,2016.0,11.0,10.0,3.0,4.0,479.97,3802.7960000000003,2705.2549714285715
2016-11-11,4944.296,2016.0,11.0,11.0,4.0,4.0,4723.478,3888.8179999999998,2856.0375428571433
2016-11-12,4914.938,2016.0,11.0,12.0,5.0,4.0,4944.296,4266.8988,2948.6145714285717
2016-11-13,2945.138,2016.0,11.0,13.0,6.0,4.0,4914.938,773.2560000000001,3258.883428571429
2016-11-14,2774.0620000000004,2016.0,11.0,14.0,0.0,4.0,2945.138,3810.464,3110.8260000000005
2016-11-15,2145.718,2016.0,11.0,15.0,1.0,4.0,2774.0620000000004,993.9000000000001,3275.3714285714295
2016-11-16,36.72,2016.0,11.0,16.0,2.0,4.0,2145.718,479.97,3212.0500000000006
2016-11-17,142.684,2016.0,11.0,17.0,3.0,4.0,36.72,4723.478,2557.6508571428576
2016-11-18,3958.9320000000002,2016.0,11.0,18.0,4.0,4.0,142.684,4944.296,2416.8845714285717
2016-11-19,638.462,2016.0,11.0,19.0,5.0,4.0,3958.9320000000002,4914.938,1805.959428571429
2016-11-20,3070.333,2016.0,11.0,20.0,6.0,4.0,638.462,2945.138,1823.844428571429
2016-11-21,1176.891,2016.0,11.0,21.0,0.0,4.0,3070.333,2774.0620000000004,1595.6771428571435
2016-11-22,317.044,2016.0,11.0,22.0,1.0,4.0,1176.891,2145.718,1334.4380000000006
2016-11-23,100.61599999999999,2016.0,11.0,23.0,2.0,4.0,317.044,36.72,1343.5660000000007
2016-11-24,6394.5380000000005,2016.0,11.0,24.0,3.0,4.0,100.61599999999999,142.684,2236.688000000001
2016-11-25,7978.551,2016.0,11.0,25.0,4.0,4.0,6394.5380000000005,3958.9320000000002,2810.9192857142866
2016-11-26,8329.743,2016.0,11.0,26.0,5.0,4.0,7978.551,638.462,3909.6737142857155
2016-11-27,1651.239,2016.0,11.0,27.0,6.0,4.0,8329.743,3070.333,3706.9460000000004
2016-11-28,3428.372,2016.0,11.0,28.0,0.0,4.0,1651.239,1176.891,4028.5861428571434
2016-11-29,300.592,2016.0,11.0,29.0,1.0,4.0,3428.372,317.044,4026.235857142858
2016-11-30,970.142,2016.0,11.0,30.0,2.0,4.0,300.592,100.61599999999999,4150.4538571428575
2016-12-01,7365.455,2016.0,12.0,1.0,3.0,4.0,970.142,6394.5380000000005,4289.156285714286
2016-12-02,4684.616,2016.0,12.0,2.0,4.0,4.0,7365.455,7978.551,3818.594142857143
2016-12-03,5269.816,2016.0,12.0,3.0,5.0,4.0,4684.616,8329.743,3381.4617142857146
2016-12-04,944.2860000000001,2016.0,12.0,4.0,6.0,4.0,5269.816,1651.239,3280.468428571429
2016-12-05,5267.004,2016.0,12.0,5.0,0.0,4.0,944.2860000000001,3428.372,3543.1301428571433
2016-12-06,3878.276,2016.0,12.0,6.0,1.0,4.0,5267.004,300.592,4054.227857142858
2016-12-08,4709.095,2016.0,12.0,8.0,3.0,4.0,3878.276,970.142,4588.3640000000005
2016-12-09,1855.483,2016.0,12.0,9.0,4.0,4.0,4709.095,7365.455,3801.225142857143
2016-12-10,3459.71,2016.0,12.0,10.0,5.0,4.0,1855.483,4684.616,3626.2385714285724
2016-12-11,6102.25,2016.0,12.0,11.0,6.0,4.0,3459.71,5269.816,3745.1577142857154
2016-12-12,1981.115,2016.0,12.0,12.0,0.0,4.0,6102.25,944.2860000000001,3893.2761428571434
2016-12-13,1194.088,2016.0,12.0,13.0,1.0,4.0,1981.115,5267.004,3311.4310000000005
2016-12-14,828.654,2016.0,12.0,14.0,2.0,4.0,1194.088,3878.276,2875.770714285715
2016-12-15,2637.087,2016.0,12.0,15.0,3.0,4.0,828.654,4709.095,2579.769571428572
2016-12-16,628.5419999999999,2016.0,12.0,16.0,4.0,4.0,2637.087,1855.483,2404.492285714286
2016-12-17,12185.134,2016.0,12.0,17.0,5.0,4.0,628.5419999999999,3459.71,3650.9814285714288
2016-12-18,7051.35,2016.0,12.0,18.0,6.0,4.0,12185.134,6102.25,3786.5671428571436
2016-12-19,815.1120000000001,2016.0,12.0,19.0,0.0,4.0,7051.35,1981.115,3619.995285714286
2016-12-20,134.54,2016.0,12.0,20.0,1.0,4.0,815.1120000000001,1194.088,3468.6312857142866
2016-12-22,1043.128,2016.0,12.0,22.0,3.0,4.0,134.54,828.654,3499.270428571429
2016-12-23,6965.857,2016.0,12.0,23.0,4.0,4.0,1043.128,2637.087,4117.666142857143
2016-12-24,1938.26,2016.0,12.0,24.0,5.0,4.0,6965.857,628.5419999999999,4304.768714285715
2016-12-25,10488.055,2016.0,12.0,25.0,6.0,4.0,1938.26,12185.134,4062.3288571428575
2016-12-26,1829.418,2016.0,12.0,26.0,0.0,4.0,10488.055,7051.35,3316.338571428572
2016-12-27,959.49,2016.0,12.0,27.0,1.0,4.0,1829.418,815.1120000000001,3336.9640000000004
2016-12-29,1277.68,2016.0,12.0,29.0,3.0,4.0,959.49,134.54,3500.2697142857146
2016-12-30,773.774,2016.0,12.0,30.0,4.0,4.0,1277.68,1043.128,3461.790571428572
2016-12-31,731.768,2016.0,12.0,31.0,5.0,4.0,773.774,6965.857,2571.206428571429
2017-01-01,1481.8280000000002,2017.0,1.0,1.0,6.0,1.0,731.768,1938.26,2506.0018571428577
2017-01-02,2079.554,2017.0,1.0,2.0,0.0,1.0,1481.8280000000002,10488.055,1304.7874285714292
2017-01-03,2070.272,2017.0,1.0,3.0,1.0,1.0,2079.554,1829.418,1339.1951428571433
2017-01-06,33.74,2017.0,1.0,6.0,4.0,1.0,2070.272,959.49,1206.9451428571433
2017-01-07,3395.59,2017.0,1.0,7.0,5.0,1.0,33.74,1277.68,1509.5037142857148
2017-01-08,892.98,2017.0,1.0,8.0,6.0,1.0,3395.59,773.774,1526.5331428571433
2017-01-09,274.491,2017.0,1.0,9.0,0.0,1.0,892.98,731.768,1461.2078571428578
2017-01-12,848.52,2017.0,1.0,12.0,3.0,1.0,274.491,1481.8280000000002,1370.7352857142862
2017-01-13,4619.33,2017.0,1.0,13.0,4.0,1.0,848.52,2079.554,1733.560428571429
2017-01-14,1056.038,2017.0,1.0,14.0,5.0,1.0,4619.33,2070.272,1588.6698571428576
2017-01-15,2140.28,2017.0,1.0,15.0,6.0,1.0,1056.038,33.74,1889.6041428571432
2017-01-16,6230.2919999999995,2017.0,1.0,16.0,0.0,1.0,2140.28,3395.59,2294.561571428572
2017-01-19,2013.715,2017.0,1.0,19.0,3.0,1.0,6230.2919999999995,892.98,2454.6665714285723
2017-01-20,767.838,2017.0,1.0,20.0,4.0,1.0,2013.715,274.491,2525.1447142857146
2017-01-21,2546.643,2017.0,1.0,21.0,5.0,1.0,767.838,848.52,2767.7337142857145
2017-01-22,4212.372,2017.0,1.0,22.0,6.0,1.0,2546.643,4619.33,2709.5968571428575
2017-01-23,450.334,2017.0,1.0,23.0,0.0,1.0,4212.372,1056.038,2623.0677142857144
2017-01-24,418.66599999999994,2017.0,1.0,24.0,1.0,1.0,450.334,2140.28,2377.122857142858
2017-01-26,3055.2799999999997,2017.0,1.0,26.0,3.0,1.0,418.66599999999994,6230.2919999999995,1923.5497142857146
2017-01-27,331.914,2017.0,1.0,27.0,4.0,1.0,3055.2799999999997,2013.715,1683.2924285714291
2017-01-28,1007.52,2017.0,1.0,28.0,5.0,1.0,331.914,767.838,1717.5327142857147
2017-01-29,294.842,2017.0,1.0,29.0,6.0,1.0,1007.52,2546.643,1395.8468571428577
2017-01-30,3749.335,2017.0,1.0,30.0,0.0,1.0,294.842,4212.372,1329.6987142857147
2017-02-02,913.354,2017.0,2.0,2.0,3.0,1.0,3749.335,450.334,1395.8444285714288
2017-02-03,922.327,2017.0,2.0,3.0,4.0,1.0,913.354,418.66599999999994,1467.7960000000005
2017-02-04,32.67,2017.0,2.0,4.0,5.0,1.0,922.327,3055.2799999999997,1035.9945714285718
2017-02-05,2263.012,2017.0,2.0,5.0,6.0,1.0,32.67,331.914,1311.865714285715
2017-02-06,904.354,2017.0,2.0,6.0,0.0,1.0,2263.012,1007.52,1297.1277142857148
2017-02-09,773.7639999999999,2017.0,2.0,9.0,3.0,1.0,904.354,294.842,1365.5451428571432
2017-02-10,227.103,2017.0,2.0,10.0,4.0,1.0,773.7639999999999,3749.335,862.3691428571434
2017-02-11,1241.516,2017.0,2.0,11.0,5.0,1.0,227.103,913.354,909.2494285714291
2017-02-13,1058.43,2017.0,2.0,13.0,0.0,1.0,1241.516,922.327,928.6927142857148
2017-02-16,1337.442,2017.0,2.0,16.0,3.0,1.0,1058.43,32.67,1115.088714285715
2017-02-17,2964.8174,2017.0,2.0,17.0,4.0,1.0,1337.442,2263.012,1215.3466285714292
2017-02-18,287.326,2017.0,2.0,18.0,5.0,1.0,2964.8174,904.354,1127.199771428572
2017-02-19,1314.59,2017.0,2.0,19.0,6.0,1.0,287.326,773.7639999999999,1204.4606285714292
2017-02-20,1150.29,2017.0,2.0,20.0,0.0,1.0,1314.59,227.103,1336.344485714286
2017-02-21,47.904,2017.0,2.0,21.0,1.0,1.0,1150.29,1241.516,1165.8284857142862
2017-02-23,117.79999999999998,2017.0,2.0,23.0,3.0,1.0,47.904,1058.43,1031.4527714285719
2017-02-24,1448.676,2017.0,2.0,24.0,4.0,1.0,117.79999999999998,1337.442,1047.3433428571432
2017-02-25,430.49199999999996,2017.0,2.0,25.0,5.0,1.0,1448.676,2964.8174,685.2968571428576
2017-02-26,2847.6459999999997,2017.0,2.0,26.0,6.0,1.0,430.49199999999996,287.326,1051.0568571428576
2017-02-28,17.62,2017.0,2.0,28.0,1.0,1.0,2847.6459999999997,1314.59,865.775428571429
2017-03-02,1450.126,2017.0,3.0,2.0,3.0,1.0,17.62,1150.29,908.6091428571433
2017-03-03,2000.1039999999998,2017.0,3.0,3.0,4.0,1.0,1450.126,47.904,1187.4948571428577
2017-03-04,228.822,2017.0,3.0,4.0,5.0,1.0,2000.1039999999998,117.79999999999998,1203.3551428571432
2017-03-05,1240.02,2017.0,3.0,5.0,6.0,1.0,228.822,1448.676,1173.5471428571432
2017-03-06,778.236,2017.0,3.0,6.0,0.0,1.0,1240.02,430.49199999999996,1223.2248571428574
2017-03-07,166.59,2017.0,3.0,7.0,1.0,1.0,778.236,2847.6459999999997,840.2168571428575
2017-03-08,843.1,2017.0,3.0,8.0,2.0,1.0,166.59,17.62,958.1425714285718
2017-03-09,710.804,2017.0,3.0,9.0,3.0,1.0,843.1,1450.126,852.5251428571434
2017-03-10,1252.952,2017.0,3.0,10.0,4.0,1.0,710.804,2000.1039999999998,745.7891428571435
2017-03-11,1973.708,2017.0,3.0,11.0,5.0,1.0,1252.952,228.822,995.0585714285719
2017-03-12,353.28,2017.0,3.0,12.0,6.0,1.0,1973.708,1240.02,868.3814285714291
2017-03-13,4791.35,2017.0,3.0,13.0,0.0,1.0,353.28,778.236,1441.683428571429
2017-03-14,49.616,2017.0,3.0,14.0,1.0,1.0,4791.35,166.59,1424.972857142858
2017-03-16,2014.381,2017.0,3.0,16.0,3.0,1.0,49.616,843.1,1592.2987142857148
2017-03-17,542.746,2017.0,3.0,17.0,4.0,1.0,2014.381,710.804,1568.290428571429
2017-03-18,1027.758,2017.0,3.0,18.0,5.0,1.0,542.746,1252.952,1536.1198571428577
2017-03-19,2166.248,2017.0,3.0,19.0,6.0,1.0,1027.758,1973.708,1563.6255714285721
2017-03-20,899.568,2017.0,3.0,20.0,0.0,1.0,2166.248,353.28,1641.666714285715
2017-03-21,3332.636,2017.0,3.0,21.0,1.0,1.0,899.568,4791.35,1433.2790000000007
2017-03-23,14816.068,2017.0,3.0,23.0,3.0,1.0,3332.636,49.616,3542.7721428571435
2017-03-24,1257.298,2017.0,3.0,24.0,4.0,1.0,14816.068,2014.381,3434.617428571429
2017-03-25,3567.026,2017.0,3.0,25.0,5.0,1.0,1257.298,542.746,3866.657428571429
2017-03-26,3252.88,2017.0,3.0,26.0,6.0,1.0,3567.026,1027.758,4184.532000000001
2017-03-27,2933.516,2017.0,3.0,27.0,0.0,1.0,3252.88,2166.248,4294.141714285714
2017-03-28,1504.702,2017.0,3.0,28.0,1.0,1.0,2933.516,899.568,4380.589428571429
2017-03-29,81.4,2017.0,3.0,29.0,2.0,1.0,1504.702,3332.636,3916.127142857143
2017-03-30,656.407,2017.0,3.0,30.0,3.0,1.0,81.4,14816.068,1893.3184285714292
2017-03-31,4981.010799999999,2017.0,3.0,31.0,4.0,1.0,656.407,1257.298,2425.2774000000004
2017-04-01,5972.988,2017.0,4.0,1.0,5.0,2.0,4981.010799999999,3567.026,2768.986257142858
2017-04-02,822.97,2017.0,4.0,2.0,6.0,2.0,5972.988,3252.88,2421.856257142858
2017-04-03,32.528,2017.0,4.0,3.0,0.0,2.0,822.97,2933.516,2007.429400000001
2017-04-04,808.47,2017.0,4.0,4.0,1.0,2.0,32.528,1504.702,1907.9676857142863
2017-04-06,114.41999999999999,2017.0,4.0,6.0,3.0,2.0,808.47,81.4,1912.6848285714293
2017-04-07,1971.2905,2017.0,4.0,7.0,4.0,2.0,114.41999999999999,656.407,2100.5253285714293
2017-04-08,6401.93,2017.0,4.0,8.0,5.0,2.0,1971.2905,4981.010799999999,2303.5137857142868
2017-04-09,1626.71,2017.0,4.0,9.0,6.0,2.0,6401.93,5972.988,1682.6169285714293
2017-04-10,755.529,2017.0,4.0,10.0,0.0,2.0,1626.71,822.97,1672.9825000000008
2017-04-11,319.806,2017.0,4.0,11.0,1.0,2.0,755.529,32.528,1714.0222142857149
2017-04-12,69.66,2017.0,4.0,12.0,2.0,2.0,319.806,808.47,1608.4779285714296
2017-04-13,1345.8239999999998,2017.0,4.0,13.0,3.0,2.0,69.66,114.41999999999999,1784.3927857142864
2017-04-14,652.93,2017.0,4.0,14.0,4.0,2.0,1345.8239999999998,1971.2905,1596.0555714285722
2017-04-15,332.338,2017.0,4.0,15.0,5.0,2.0,652.93,6401.93,728.9710000000007
2017-04-16,944.429,2017.0,4.0,16.0,6.0,2.0,332.338,1626.71,631.5022857142865
2017-04-17,3431.4590000000003,2017.0,4.0,17.0,0.0,2.0,944.429,755.529,1013.7780000000008
2017-04-20,2033.24,2017.0,4.0,20.0,3.0,2.0,3431.4590000000003,319.806,1258.5542857142866
2017-04-21,1254.564,2017.0,4.0,21.0,4.0,2.0,2033.24,69.66,1427.8262857142868
2017-04-22,947.692,2017.0,4.0,22.0,5.0,2.0,1254.564,1345.8239999999998,1370.9502857142866
2017-04-23,1199.222,2017.0,4.0,23.0,6.0,2.0,947.692,652.93,1448.9920000000006
2017-04-24,928.558,2017.0,4.0,24.0,0.0,2.0,1199.222,332.338,1534.1662857142867
2017-04-25,678.113,2017.0,4.0,25.0,1.0,2.0,928.558,944.429,1496.1211428571437
2017-04-26,61.608000000000004,2017.0,4.0,26.0,2.0,2.0,678.113,3431.4590000000003,1014.7138571428579
2017-04-27,576.5756,2017.0,4.0,27.0,3.0,2.0,61.608000000000004,2033.24,806.6189428571437
2017-04-28,795.296,2017.0,4.0,28.0,4.0,2.0,576.5756,1254.564,741.0092285714293
2017-04-29,1053.26,2017.0,4.0,29.0,5.0,2.0,795.296,947.692,756.0903714285722
2017-04-30,1390.1260000000002,2017.0,4.0,30.0,6.0,2.0,1053.26,1199.222,783.3623714285723
2017-05-01,4108.37,2017.0,5.0,1.0,0.0,2.0,1390.1260000000002,928.558,1237.6212285714294
2017-05-02,399.11,2017.0,5.0,2.0,1.0,2.0,4108.37,678.113,1197.763657142858
2017-05-03,1386.346,2017.0,5.0,3.0,2.0,2.0,399.11,61.608000000000004,1387.0119428571436
2017-05-04,1389.4050000000002,2017.0,5.0,4.0,3.0,2.0,1386.346,576.5756,1503.1304285714293
2017-05-05,185.123,2017.0,5.0,5.0,4.0,2.0,1389.4050000000002,795.296,1415.962857142858
2017-05-06,3183.3698,2017.0,5.0,6.0,5.0,2.0,185.123,1053.26,1720.264257142858
2017-05-07,2549.468,2017.0,5.0,7.0,6.0,2.0,3183.3698,1390.1260000000002,1885.8845428571435
2017-05-08,3658.5540000000005,2017.0,5.0,8.0,0.0,2.0,2549.468,4108.37,1821.625114285715
2017-05-09,1078.222,2017.0,5.0,9.0,1.0,2.0,3658.5540000000005,399.11,1918.6411142857153
2017-05-11,449.469,2017.0,5.0,11.0,3.0,2.0,1078.222,1386.346,1784.8015428571437
2017-05-12,970.384,2017.0,5.0,12.0,4.0,2.0,449.469,1389.4050000000002,1724.9414000000008
2017-05-13,3066.378,2017.0,5.0,13.0,5.0,2.0,970.384,185.123,2136.549257142858
2017-05-14,4182.062,2017.0,5.0,14.0,6.0,2.0,3066.378,3183.3698,2279.219571428572
2017-05-15,421.264,2017.0,5.0,15.0,0.0,2.0,4182.062,2549.468,1975.1904285714295
2017-05-16,221.024,2017.0,5.0,16.0,1.0,2.0,421.264,3658.5540000000005,1484.1147142857153
2017-05-18,1830.508,2017.0,5.0,18.0,3.0,2.0,221.024,1078.222,1591.5841428571437
2017-05-19,4919.182,2017.0,5.0,19.0,4.0,2.0,1830.508,449.469,2230.1145714285726
2017-05-20,2997.578,2017.0,5.0,20.0,5.0,2.0,4919.182,970.384,2519.713714285715
2017-05-21,538.02,2017.0,5.0,21.0,6.0,2.0,2997.578,3066.378,2158.519714285715
2017-05-22,336.56199999999995,2017.0,5.0,22.0,0.0,2.0,538.02,4182.062,1609.1625714285724
2017-05-23,241.436,2017.0,5.0,23.0,1.0,2.0,336.56199999999995,421.264,1583.4728571428582
2017-05-25,886.026,2017.0,5.0,25.0,3.0,2.0,241.436,221.024,1678.4731428571436
2017-05-26,270.24,2017.0,5.0,26.0,4.0,2.0,886.026,1830.508,1455.577714285715
2017-05-27,2084.908,2017.0,5.0,27.0,5.0,2.0,270.24,4919.182,1050.6814285714293
2017-05-28,1480.103,2017.0,5.0,28.0,6.0,2.0,2084.908,2997.578,833.8992857142864
2017-05-29,691.108,2017.0,5.0,29.0,0.0,2.0,1480.103,538.02,855.7690000000008
2017-05-30,736.8904,2017.0,5.0,30.0,1.0,2.0,691.108,336.56199999999995,912.9587714285723
2017-06-01,5058.362,2017.0,6.0,1.0,3.0,2.0,736.8904,241.436,1601.0910571428578
2017-06-02,135.70600000000002,2017.0,6.0,2.0,4.0,2.0,5058.362,886.026,1493.9024857142865
2017-06-03,2952.036,2017.0,6.0,3.0,5.0,2.0,135.70600000000002,270.24,1877.0162000000007
2017-06-04,279.414,2017.0,6.0,4.0,6.0,2.0,2952.036,2084.908,1619.0884857142867
2017-06-05,491.11199999999997,2017.0,6.0,5.0,0.0,2.0,279.414,1480.103,1477.8040571428578
2017-06-06,31.349999999999998,2017.0,6.0,6.0,1.0,2.0,491.11199999999997,691.108,1383.5529142857151
2017-06-08,2227.038,2017.0,6.0,8.0,3.0,2.0,31.349999999999998,736.8904,1596.4311428571434
2017-06-09,939.1329999999999,2017.0,6.0,9.0,4.0,2.0,2227.038,5058.362,1007.9698571428579
2017-06-10,2513.3430000000003,2017.0,6.0,10.0,5.0,2.0,939.1329999999999,135.70600000000002,1347.6322857142864
2017-06-11,1580.894,2017.0,6.0,11.0,6.0,2.0,2513.3430000000003,2952.036,1151.7548571428579
2017-06-12,1679.968,2017.0,6.0,12.0,0.0,2.0,1580.894,279.414,1351.8340000000007
2017-06-13,1156.018,2017.0,6.0,13.0,1.0,2.0,1679.968,491.11199999999997,1446.820571428572
2017-06-15,4057.51,2017.0,6.0,15.0,3.0,2.0,1156.018,31.349999999999998,2021.9862857142866
2017-06-16,2724.194,2017.0,6.0,16.0,4.0,2.0,4057.51,2227.038,2093.008571428572
2017-06-17,3896.672,2017.0,6.0,17.0,5.0,2.0,2724.194,939.1329999999999,2515.5141428571437
2017-06-18,1031.1555,2017.0,6.0,18.0,6.0,2.0,3896.672,2513.3430000000003,2303.773071428572
2017-06-19,2115.941,2017.0,6.0,19.0,0.0,2.0,1031.1555,1580.894,2380.208357142858
2017-06-20,1028.228,2017.0,6.0,20.0,1.0,2.0,2115.941,1679.968,2287.1026428571436
2017-06-21,595.656,2017.0,6.0,21.0,2.0,2.0,1028.228,1156.018,2207.0509285714293
2017-06-22,579.019,2017.0,6.0,22.0,3.0,2.0,595.656,4057.51,1710.1236428571435
2017-06-24,1287.614,2017.0,6.0,24.0,5.0,2.0,579.019,2724.194,1504.8979285714292
2017-06-25,1508.3519999999999,2017.0,6.0,25.0,6.0,2.0,1287.614,3896.672,1163.709357142858
2017-06-26,4224.136,2017.0,6.0,26.0,0.0,2.0,1508.3519999999999,1031.1555,1619.8494285714294
2017-06-27,1644.906,2017.0,6.0,27.0,1.0,2.0,4224.136,2115.941,1552.5587142857148
2017-06-29,4521.9912,2017.0,6.0,29.0,3.0,2.0,1644.906,1028.228,2051.6677428571434
2017-06-30,4721.977,2017.0,6.0,30.0,4.0,2.0,4521.9912,595.656,2641.142171428572
2017-07-01,639.83,2017.0,7.0,1.0,5.0,3.0,4721.977,579.019,2649.8294571428582
2017-07-02,169.192,2017.0,7.0,2.0,6.0,3.0,639.83,1287.614,2490.0548857142862
2017-07-03,6963.4039999999995,2017.0,7.0,3.0,0.0,3.0,169.192,1508.3519999999999,3269.348028571429
2017-07-05,476.35400000000004,2017.0,7.0,5.0,2.0,3.0,6963.4039999999995,4224.136,2733.950600000001
2017-07-06,380.37800000000004,2017.0,7.0,6.0,3.0,3.0,476.35400000000004,1644.906,2553.303742857144
2017-07-07,1620.25,2017.0,7.0,7.0,4.0,3.0,380.37800000000004,4521.9912,2138.769285714286
2017-07-08,1980.2640000000001,2017.0,7.0,8.0,5.0,3.0,1620.25,4721.977,1747.096000000001
2017-07-09,1671.214,2017.0,7.0,9.0,6.0,3.0,1980.2640000000001,639.83,1894.436571428572
2017-07-10,359.21399999999994,2017.0,7.0,10.0,0.0,3.0,1671.214,169.192,1921.5825714285722
2017-07-11,1728.892,2017.0,7.0,11.0,1.0,3.0,359.21399999999994,6963.4039999999995,1173.7951428571437
2017-07-12,3.816,2017.0,7.0,12.0,2.0,3.0,1728.892,476.35400000000004,1106.289714285715
2017-07-13,504.542,2017.0,7.0,13.0,3.0,3.0,3.816,380.37800000000004,1124.0274285714293
2017-07-14,3598.9339999999997,2017.0,7.0,14.0,4.0,3.0,504.542,1620.25,1406.6965714285723
2017-07-15,2132.229,2017.0,7.0,15.0,5.0,3.0,3598.9339999999997,1980.2640000000001,1428.4058571428577
2017-07-16,316.636,2017.0,7.0,16.0,6.0,3.0,2132.229,1671.214,1234.8947142857148
2017-07-17,2191.873,2017.0,7.0,17.0,0.0,3.0,316.636,359.21399999999994,1496.7031428571438
2017-07-18,2106.794,2017.0,7.0,18.0,1.0,3.0,2191.873,1728.892,1550.6891428571435
2017-07-20,2283.208,2017.0,7.0,20.0,3.0,3.0,2106.794,3.816,1876.316571428572
2017-07-21,3685.944,2017.0,7.0,21.0,4.0,3.0,2283.208,504.542,2330.8025714285723
2017-07-22,556.3140000000001,2017.0,7.0,22.0,5.0,3.0,3685.944,3598.9339999999997,1896.1425714285722
2017-07-23,898.188,2017.0,7.0,23.0,6.0,3.0,556.3140000000001,2132.229,1719.8510000000006
2017-07-24,2399.96,2017.0,7.0,24.0,0.0,3.0,898.188,316.636,2017.4687142857151
2017-07-25,798.742,2017.0,7.0,25.0,1.0,3.0,2399.96,2191.873,1818.450000000001
2017-07-26,2012.3020000000001,2017.0,7.0,26.0,2.0,3.0,798.742,2106.794,1804.9511428571439
2017-07-27,1142.68,2017.0,7.0,27.0,3.0,3.0,2012.3020000000001,2283.208,1642.0185714285724
2017-07-28,1170.5639999999999,2017.0,7.0,28.0,4.0,3.0,1142.68,3685.944,1282.6785714285722
2017-07-29,1391.294,2017.0,7.0,29.0,5.0,3.0,1170.5639999999999,556.3140000000001,1401.9614285714292
2017-07-30,523.376,2017.0,7.0,30.0,6.0,3.0,1391.294,898.188,1348.416857142858
2017-07-31,1558.028,2017.0,7.0,31.0,0.0,3.0,523.376,2399.96,1228.140857142858
2017-08-01,2085.65,2017.0,8.0,1.0,1.0,3.0,1558.028,798.742,1411.984857142858
2017-08-03,531.348,2017.0,8.0,3.0,3.0,3.0,2085.65,2012.3020000000001,1200.4200000000008
2017-08-04,20.07,2017.0,8.0,4.0,4.0,3.0,531.348,1142.68,1040.0471428571434
2017-08-05,503.676,2017.0,8.0,5.0,5.0,3.0,20.07,1170.5639999999999,944.7774285714294
2017-08-06,1424.026,2017.0,8.0,6.0,6.0,3.0,503.676,1391.294,949.4534285714293
2017-08-07,3479.624,2017.0,8.0,7.0,0.0,3.0,1424.026,523.376,1371.7745714285722
2017-08-10,1823.0700000000002,2017.0,8.0,10.0,3.0,3.0,3479.624,1558.028,1409.637714285715
2017-08-11,708.726,2017.0,8.0,11.0,4.0,3.0,1823.0700000000002,2085.65,1212.9342857142863
2017-08-12,3693.084,2017.0,8.0,12.0,5.0,3.0,708.726,531.348,1664.6108571428579
2017-08-13,2643.164,2017.0,8.0,13.0,6.0,3.0,3693.084,20.07,2039.3385714285723
2017-08-14,440.736,2017.0,8.0,14.0,0.0,3.0,2643.164,503.676,2030.3471428571436
2017-08-15,1949.872,2017.0,8.0,15.0,1.0,3.0,440.736,1424.026,2105.468000000001
2017-08-16,80.564,2017.0,8.0,16.0,2.0,3.0,1949.872,3479.624,1619.8880000000008
2017-08-17,9517.287999999999,2017.0,8.0,17.0,3.0,3.0,80.564,1823.0700000000002,2719.062000000001
2017-08-18,7078.4839999999995,2017.0,8.0,18.0,4.0,3.0,9517.287999999999,708.726,3629.0274285714295
2017-08-19,512.446,2017.0,8.0,19.0,5.0,3.0,7078.4839999999995,3693.084,3174.6505714285727
2017-08-20,692.95,2017.0,8.0,20.0,6.0,3.0,512.446,2643.164,2896.0485714285724
2017-08-21,8551.054,2017.0,8.0,21.0,0.0,3.0,692.95,440.736,4054.665428571429
2017-08-22,524.54,2017.0,8.0,22.0,1.0,3.0,8551.054,1949.872,3851.046571428572
2017-08-23,4590.344,2017.0,8.0,23.0,2.0,3.0,524.54,80.564,4495.300857142857
2017-08-24,685.0560000000002,2017.0,8.0,24.0,3.0,3.0,4590.344,9517.287999999999,3233.55342857143
2017-08-25,361.988,2017.0,8.0,25.0,4.0,3.0,685.0560000000002,7078.4839999999995,2274.054000000001
2017-08-26,190.66,2017.0,8.0,26.0,5.0,3.0,361.988,512.446,2228.084571428572
2017-08-27,6190.538,2017.0,8.0,27.0,6.0,3.0,190.66,692.95,3013.4542857142865
2017-08-28,1443.6319999999998,2017.0,8.0,28.0,0.0,3.0,6190.538,8551.054,1998.1082857142865
2017-08-29,235.46800000000002,2017.0,8.0,29.0,1.0,3.0,1443.6319999999998,524.54,1956.8122857142862
2017-08-31,3162.83,2017.0,8.0,31.0,3.0,3.0,235.46800000000002,4590.344,1752.881714285715
2017-09-01,1261.81,2017.0,9.0,1.0,4.0,3.0,3162.83,685.0560000000002,1835.2751428571432
2017-09-02,9354.854,2017.0,9.0,2.0,5.0,3.0,1261.81,361.988,3119.970285714286
2017-09-03,1595.849,2017.0,9.0,3.0,6.0,3.0,9354.854,190.66,3320.711571428572
2017-09-04,5360.202,2017.0,9.0,4.0,0.0,3.0,1595.849,6190.538,3202.0921428571432
2017-09-05,327.044,2017.0,9.0,5.0,1.0,3.0,5360.202,1443.6319999999998,3042.579571428572
2017-09-07,3848.565,2017.0,9.0,7.0,3.0,3.0,327.044,235.46800000000002,3558.7362857142866
2017-09-08,2184.327,2017.0,9.0,8.0,4.0,3.0,3848.565,3162.83,3418.950142857143
2017-09-09,4356.061,2017.0,9.0,9.0,5.0,3.0,2184.327,1261.81,3860.986000000001
2017-09-10,2506.646,2017.0,9.0,10.0,6.0,3.0,4356.061,9354.854,2882.670571428572
2017-09-11,5564.006,2017.0,9.0,11.0,0.0,3.0,2506.646,1595.849,3449.5501428571442
2017-09-12,491.54999999999995,2017.0,9.0,12.0,1.0,3.0,5564.006,5360.202,2754.0284285714297
2017-09-13,15.92,2017.0,9.0,13.0,2.0,3.0,491.54999999999995,327.044,2709.5821428571435
2017-09-14,4367.347,2017.0,9.0,14.0,3.0,3.0,15.92,3848.565,2783.693857142858
2017-09-15,7285.026,2017.0,9.0,15.0,4.0,3.0,4367.347,2184.327,3512.3651428571434
2017-09-16,849.65,2017.0,9.0,16.0,5.0,3.0,7285.026,4356.061,3011.4492857142864
2017-09-17,4979.226,2017.0,9.0,17.0,6.0,3.0,849.65,2506.646,3364.6750000000006
2017-09-18,1511.93,2017.0,9.0,18.0,0.0,3.0,4979.226,5564.006,2785.8070000000007
2017-09-19,1648.188,2017.0,9.0,19.0,1.0,3.0,1511.93,491.54999999999995,2951.0410000000006
2017-09-20,7359.918,2017.0,9.0,20.0,2.0,3.0,1648.188,15.92,4000.183571428572
2017-09-21,338.172,2017.0,9.0,21.0,3.0,3.0,7359.918,4367.347,3424.5871428571436
2017-09-22,7871.213,2017.0,9.0,22.0,4.0,3.0,338.172,7285.026,3508.3281428571436
2017-09-23,2395.786,2017.0,9.0,23.0,5.0,3.0,7871.213,849.65,3729.204714285715
2017-09-24,6450.4619999999995,2017.0,9.0,24.0,6.0,3.0,2395.786,4979.226,3939.381285714286
2017-09-25,1412.213,2017.0,9.0,25.0,0.0,3.0,6450.4619999999995,1511.93,3925.1360000000013
2017-09-26,1486.576,2017.0,9.0,26.0,1.0,3.0,1412.213,1648.188,3902.048571428572
2017-09-28,559.271,2017.0,9.0,28.0,3.0,3.0,1486.576,7359.918,2930.527571428572
2017-09-29,1944.08,2017.0,9.0,29.0,4.0,3.0,559.271,338.172,3159.9430000000007
2017-09-30,540.76,2017.0,9.0,30.0,5.0,3.0,1944.08,7871.213,2112.735428571429
2017-10-01,2978.466,2017.0,10.0,1.0,6.0,4.0,540.76,2395.786,2195.9754285714293
2017-10-02,5418.022,2017.0,10.0,2.0,0.0,4.0,2978.466,6450.4619999999995,2048.484000000001
2017-10-03,2504.48,2017.0,10.0,3.0,1.0,4.0,5418.022,1412.213,2204.5221428571435
2017-10-04,19.98,2017.0,10.0,4.0,2.0,4.0,2504.48,1486.576,1995.0084285714292
2017-10-05,6684.616,2017.0,10.0,5.0,3.0,4.0,19.98,559.271,2870.057714285715
2017-10-06,1499.652,2017.0,10.0,6.0,4.0,4.0,6684.616,1944.08,2806.568
2017-10-07,2749.21,2017.0,10.0,7.0,5.0,4.0,1499.652,540.76,3122.060857142858
2017-10-08,608.356,2017.0,10.0,8.0,6.0,4.0,2749.21,2978.466,2783.4737142857152
2017-10-09,1496.589,2017.0,10.0,9.0,0.0,4.0,608.356,5418.022,2223.2690000000007
2017-10-10,239.358,2017.0,10.0,10.0,1.0,4.0,1496.589,2504.48,1899.6801428571437
2017-10-12,5635.354,2017.0,10.0,12.0,3.0,4.0,239.358,19.98,2701.876428571429
2017-10-13,8405.802,2017.0,10.0,13.0,4.0,4.0,5635.354,6684.616,2947.7601428571434
2017-10-14,134.332,2017.0,10.0,14.0,5.0,4.0,8405.802,1499.652,2752.714428571429
2017-10-15,1017.94,2017.0,10.0,15.0,6.0,4.0,134.332,2749.21,2505.3901428571435
2017-10-16,3473.5969999999998,2017.0,10.0,16.0,0.0,4.0,1017.94,608.356,2914.7102857142863
2017-10-17,126.352,2017.0,10.0,17.0,1.0,4.0,3473.5969999999998,1496.589,2718.9621428571436
2017-10-19,2781.8702000000003,2017.0,10.0,19.0,3.0,4.0,126.352,239.358,3082.178171428572
2017-10-20,1333.858,2017.0,10.0,20.0,4.0,4.0,2781.8702000000003,5635.354,2467.678742857144
2017-10-21,4537.201,2017.0,10.0,21.0,5.0,4.0,1333.858,8405.802,1915.021457142858
2017-10-22,15158.877,2017.0,10.0,22.0,6.0,4.0,4537.201,134.332,4061.3850285714293
2017-10-23,3352.3940000000002,2017.0,10.0,23.0,0.0,4.0,15158.877,1017.94,4394.878457142858
2017-10-24,529.0849999999999,2017.0,10.0,24.0,1.0,4.0,3352.3940000000002,3473.5969999999998,3974.2338857142863
2017-10-26,999.868,2017.0,10.0,26.0,3.0,4.0,529.0849999999999,126.352,4099.021885714287
2017-10-27,1086.32,2017.0,10.0,27.0,4.0,4.0,999.868,2781.8702000000003,3856.8004285714296
2017-10-28,408.726,2017.0,10.0,28.0,5.0,4.0,1086.32,1333.858,3724.638714285715
2017-10-29,46.96,2017.0,10.0,29.0,6.0,4.0,408.726,4537.201,3083.1757142857145
2017-10-30,4025.7299999999996,2017.0,10.0,30.0,0.0,4.0,46.96,15158.877,1492.7261428571437
2017-10-31,523.928,2017.0,10.0,31.0,1.0,4.0,4025.7299999999996,3352.3940000000002,1088.659571428572
2017-11-01,2921.43,2017.0,11.0,1.0,2.0,4.0,523.928,529.0849999999999,1430.4231428571436
2017-11-02,6294.386,2017.0,11.0,2.0,3.0,4.0,2921.43,999.868,2186.7828571428577
2017-11-03,4536.937,2017.0,11.0,3.0,4.0,4.0,6294.386,1086.32,2679.7281428571437
2017-11-04,10668.096,2017.0,11.0,4.0,5.0,4.0,4536.937,408.726,4145.352428571429
2017-11-05,2355.064,2017.0,11.0,5.0,6.0,4.0,10668.096,46.96,4475.081571428572
2017-11-06,4288.75,2017.0,11.0,6.0,0.0,4.0,2355.064,4025.7299999999996,4512.655857142859
2017-11-07,2413.378,2017.0,11.0,7.0,1.0,4.0,4288.75,523.928,4782.5772857142865
2017-11-08,384.1,2017.0,11.0,8.0,2.0,4.0,2413.378,2921.43,4420.101571428572
2017-11-09,4751.492,2017.0,11.0,9.0,3.0,4.0,384.1,6294.386,4199.688142857144
2017-11-10,4007.5480000000002,2017.0,11.0,10.0,4.0,4.0,4751.492,4536.937,4124.061142857144
2017-11-11,1815.2179999999998,2017.0,11.0,11.0,5.0,4.0,4007.5480000000002,10668.096,2859.364285714287
2017-11-12,2911.386,2017.0,11.0,12.0,6.0,4.0,1815.2179999999998,2355.064,2938.838857142858
2017-11-13,6633.4202000000005,2017.0,11.0,13.0,0.0,4.0,2911.386,4288.75,3273.791742857144
2017-11-14,834.6579999999999,2017.0,11.0,14.0,1.0,4.0,6633.4202000000005,2413.378,3048.260314285715
2017-11-15,559.2,2017.0,11.0,15.0,2.0,4.0,834.6579999999999,384.1,3073.274600000001
2017-11-16,4755.234,2017.0,11.0,16.0,3.0,4.0,559.2,4751.492,3073.8091714285724
2017-11-17,13694.8828,2017.0,11.0,17.0,4.0,4.0,4755.234,4007.5480000000002,4457.714142857144
2017-11-18,1469.756,2017.0,11.0,18.0,5.0,4.0,13694.8828,1815.2179999999998,4408.3624285714295
2017-11-19,7397.272,2017.0,11.0,19.0,6.0,4.0,1469.756,2911.386,5049.203285714287
2017-11-20,2988.274,2017.0,11.0,20.0,0.0,4.0,7397.272,6633.4202000000005,4528.468114285715
2017-11-21,2236.1839999999997,2017.0,11.0,21.0,1.0,4.0,2988.274,834.6579999999999,4728.686114285715
2017-11-22,35.712,2017.0,11.0,22.0,2.0,4.0,2236.1839999999997,559.2,4653.9021142857155
2017-11-23,1153.109,2017.0,11.0,23.0,3.0,4.0,35.712,4755.234,4139.312828571429
2017-11-24,4959.641,2017.0,11.0,24.0,4.0,4.0,1153.109,13694.8828,2891.421142857144
2017-11-25,3666.157,2017.0,11.0,25.0,5.0,4.0,4959.641,1469.756,3205.1927142857153
2017-11-26,5048.1720000000005,2017.0,11.0,26.0,6.0,4.0,3666.157,7397.272,2869.607000000001
2017-11-27,1618.254,2017.0,11.0,27.0,0.0,4.0,5048.1720000000005,2988.274,2673.889857142858
2017-11-28,6912.944,2017.0,11.0,28.0,1.0,4.0,1618.254,2236.1839999999997,3341.99842857143
2017-11-29,491.888,2017.0,11.0,29.0,2.0,4.0,6912.944,35.712,3407.1664285714296
2017-11-30,6645.282,2017.0,11.0,30.0,3.0,4.0,491.888,1153.109,4191.762571428573
2017-12-01,5331.178,2017.0,12.0,1.0,4.0,4.0,6645.282,4959.641,4244.839285714287
2017-12-02,9951.182,2017.0,12.0,2.0,5.0,4.0,5331.178,3666.157,5142.700000000002
2017-12-03,1403.842,2017.0,12.0,3.0,6.0,4.0,9951.182,5048.1720000000005,4622.08142857143
2017-12-04,2639.638,2017.0,12.0,4.0,0.0,4.0,1403.842,1618.254,4767.993428571429
2017-12-05,1453.136,2017.0,12.0,5.0,1.0,4.0,2639.638,6912.944,3988.0208571428584
2017-12-06,10.68,2017.0,12.0,6.0,2.0,4.0,1453.136,491.888,3919.2768571428583
2017-12-07,2916.514,2017.0,12.0,7.0,3.0,4.0,10.68,6645.282,3386.5957142857155
2017-12-08,7643.041,2017.0,12.0,8.0,4.0,4.0,2916.514,5331.178,3716.8618571428583
2017-12-09,5470.39,2017.0,12.0,9.0,5.0,4.0,7643.041,9951.182,3076.748714285716
2017-12-10,3873.5589999999997,2017.0,12.0,10.0,6.0,4.0,5470.39,1403.842,3429.5654285714295
2017-12-11,2823.965,2017.0,12.0,11.0,0.0,4.0,3873.5589999999997,2639.638,3455.8978571428584
2017-12-13,580.936,2017.0,12.0,13.0,2.0,4.0,2823.965,1453.136,3331.297857142858
2017-12-14,3897.714,2017.0,12.0,14.0,3.0,4.0,580.936,10.68,3886.58842857143
2017-12-15,306.88800000000003,2017.0,12.0,15.0,4.0,4.0,3897.714,2916.514,3513.784714285715
2017-12-16,858.702,2017.0,12.0,16.0,5.0,4.0,306.88800000000003,7643.041,2544.5934285714293
2017-12-17,2027.758,2017.0,12.0,17.0,6.0,4.0,858.702,5470.39,2052.788857142858
2017-12-18,3645.911,2017.0,12.0,18.0,0.0,4.0,2027.758,3873.5589999999997,2020.2677142857153
2017-12-19,1895.926,2017.0,12.0,19.0,1.0,4.0,3645.911,2823.965,1887.690714285715
2017-12-20,377.736,2017.0,12.0,20.0,2.0,4.0,1895.926,580.936,1858.6621428571439
2017-12-21,2140.94,2017.0,12.0,21.0,3.0,4.0,377.736,3897.714,1607.6944285714296
2017-12-22,7442.021,2017.0,12.0,22.0,4.0,4.0,2140.94,306.88800000000003,2626.999142857144
2017-12-23,1926.776,2017.0,12.0,23.0,5.0,4.0,7442.021,858.702,2779.581142857144
2017-12-24,6233.054,2017.0,12.0,24.0,6.0,4.0,1926.776,2027.758,3380.3377142857157
2017-12-25,2698.927,2017.0,12.0,25.0,0.0,4.0,6233.054,3645.911,3245.054285714287
2017-12-26,814.5939999999999,2017.0,12.0,26.0,1.0,4.0,2698.927,1895.926,3090.5782857142867
2017-12-27,177.636,2017.0,12.0,27.0,2.0,4.0,814.5939999999999,377.736,3061.9925714285723
2017-12-28,1657.3508000000002,2017.0,12.0,28.0,3.0,4.0,177.636,2140.94,2992.908400000001
2017-12-29,2915.534,2017.0,12.0,29.0,4.0,4.0,1657.3508000000002,7442.021,2346.267400000001
2017-12-30,713.7900000000001,2017.0,12.0,30.0,5.0,4.0,2915.534,1926.776,2172.983685714287
2017-12-31,3483.949450999999,,,,,,,,
2018-01-01,1786.2997399999992,,,,,,,,
2018-01-02,1270.38553,,,,,,,,
2018-01-03,765.7785599999999,,,,,,,,
2018-01-04,1510.5133099999991,,,,,,,,
2018-01-05,1437.6178269999998,,,,,,,,
2018-01-06,1082.5536099999997,,,,,,,,
2018-01-07,1554.5180040000007,,,,,,,,
2018-01-08,1605.93279,,,,,,,,
2018-01-09,1326.1199399999998,,,,,,,,
2018-01-10,1210.3699099999994,,,,,,,,
2018-01-11,1252.4421819999995,,,,,,,,
2018-01-12,1550.5529360000007,,,,,,,,
2018-01-13,1088.9989739999996,,,,,,,,
2018-01-14,1205.0176079999997,,,,,,,,
2018-01-15,1487.4402479999999,,,,,,,,
2018-01-16,1407.7272579999992,,,,,,,,
2018-01-17,1415.1614319999994,,,,,,,,
2018-01-18,1336.115168,,,,,,,,
2018-01-19,1425.3095759999994,,,,,,,,
2018-01-20,1179.707532,,,,,,,,
2018-01-21,1298.8577179999995,,,,,,,,
2018-01-22,1310.6363719999988,,,,,,,,
2018-01-23,1259.3782259999991,,,,,,,,
2018-01-24,1337.047845999999,,,,,,,,
2018-01-25,1461.7126239999998,,,,,,,,
2018-01-26,1564.068376,,,,,,,,
2018-01-27,1246.3173560000002,,,,,,,,
2018-01-28,1253.0986820000003,,,,,,,,
2018-01-29,1302.9705139999999,,,,,,,,
